{
  "run_id": "eval_20251109-231354",
  "timestamp": "2025-11-10T00:00:35.571314Z",
  "dataset": "dataset.h5",
  "dataset_uuid": "b84e4a35-681a-4fcb-b5ef-cf5e0e026900",
  "checkpoint": "checkpoints\\neural_rx\\best_model.pt",
  "checkpoint_epoch": 46,
  "val_loss_best": 0.5879889772689176,
  "commit_hash": "unknown",
  "symbol_weight": 0.2,
  "device": "cpu",
  "meta": {
    "spatial_modes": [
      [
        0,
        -1
      ],
      [
        0,
        1
      ],
      [
        0,
        -3
      ],
      [
        0,
        3
      ],
      [
        0,
        -4
      ],
      [
        0,
        4
      ],
      [
        1,
        -1
      ],
      [
        1,
        1
      ]
    ],
    "wavelength": 1.55e-06,
    "w0": 0.025,
    "distance": 800.0,
    "grid_extent": 0.9936592792996608,
    "grid_size": 128,
    "pilot_ratio": 0.2,
    "frame_length": 679,
    "fec_rate": 0.5
  },
  "config": {
    "spatial_modes": [
      [
        0,
        -1
      ],
      [
        0,
        1
      ],
      [
        0,
        -3
      ],
      [
        0,
        3
      ],
      [
        0,
        -4
      ],
      [
        0,
        4
      ],
      [
        1,
        -1
      ],
      [
        1,
        1
      ]
    ],
    "wavelength": 1.55e-06,
    "w0": 0.025,
    "distance": 800.0,
    "grid_extent": 0.9936592792996608,
    "grid_size": 128,
    "pilot_ratio": 0.2,
    "feature_channels": 24,
    "transformer_heads": 2,
    "transformer_layers": 1,
    "transformer_dim": 96,
    "use_checkpoint": true
  },
  "splits": {
    "val": {
      "loss": 0.5777005780587954,
      "ce": 0.5268466869521835,
      "symbol_mse": 0.254269451931297,
      "accuracy": 0.6215388823430399,
      "per_mode_accuracy": [
        0.6149638108062616,
        0.6245581551927285,
        0.6166470291196768,
        0.6248106379397408,
        0.6165628682040061,
        0.6278404309038882,
        0.6256522470964484,
        0.6212758794815687
      ],
      "per_mode_symbol_mse": [
        0.2548409700393677,
        0.25688043236732483,
        0.2562412619590759,
        0.2569381892681122,
        0.2523181736469269,
        0.2547747492790222,
        0.25109902024269104,
        0.25106281042099
      ]
    },
    "test": {
      "loss": 0.5764918128682837,
      "ce": 0.5257635391976492,
      "symbol_mse": 0.2536413657571948,
      "accuracy": 0.6221280087527352,
      "per_mode_accuracy": [
        0.612691466083151,
        0.6296078101329743,
        0.6079784548055883,
        0.6326376030971217,
        0.610924086854065,
        0.632890085844134,
        0.6295236492173035,
        0.6207709139875441
      ],
      "per_mode_symbol_mse": [
        0.2544938027858734,
        0.25531989336013794,
        0.2565252184867859,
        0.2556844651699066,
        0.2534920275211334,
        0.25426793098449707,
        0.24976177513599396,
        0.2495858371257782
      ]
    }
  }
}
