{
  "run_id": "eval_20251109-232351",
  "timestamp": "2025-11-09T23:59:18.684901Z",
  "dataset": "dataset.h5",
  "dataset_uuid": "b84e4a35-681a-4fcb-b5ef-cf5e0e026900",
  "checkpoint": "checkpoints\\neural_rx\\best_model.pt",
  "checkpoint_epoch": 46,
  "val_loss_best": 0.5879889772689176,
  "commit_hash": "unknown",
  "symbol_weight": 0.2,
  "device": "cpu",
  "meta": {
    "spatial_modes": [
      [
        0,
        -1
      ],
      [
        0,
        1
      ],
      [
        0,
        -3
      ],
      [
        0,
        3
      ],
      [
        0,
        -4
      ],
      [
        0,
        4
      ],
      [
        1,
        -1
      ],
      [
        1,
        1
      ]
    ],
    "wavelength": 1.55e-06,
    "w0": 0.025,
    "distance": 800.0,
    "grid_extent": 0.9936592792996608,
    "grid_size": 128,
    "pilot_ratio": 0.2,
    "frame_length": 679,
    "fec_rate": 0.5
  },
  "config": {
    "spatial_modes": [
      [
        0,
        -1
      ],
      [
        0,
        1
      ],
      [
        0,
        -3
      ],
      [
        0,
        3
      ],
      [
        0,
        -4
      ],
      [
        0,
        4
      ],
      [
        1,
        -1
      ],
      [
        1,
        1
      ]
    ],
    "wavelength": 1.55e-06,
    "w0": 0.025,
    "distance": 800.0,
    "grid_extent": 0.9936592792996608,
    "grid_size": 128,
    "pilot_ratio": 0.2,
    "feature_channels": 24,
    "transformer_heads": 2,
    "transformer_layers": 1,
    "transformer_dim": 96,
    "use_checkpoint": true
  },
  "splits": {
    "val": {
      "loss": 0.5786803874418082,
      "ce": 0.5276902398915027,
      "symbol_mse": 0.25495073809264146,
      "accuracy": 0.6209392358188857,
      "per_mode_accuracy": [
        0.6202659484935196,
        0.6212758794815687,
        0.6131964315771755,
        0.6231274196263256,
        0.6108399259383942,
        0.6313751893620603,
        0.6238007069516917,
        0.6236323851203501
      ],
      "per_mode_symbol_mse": [
        0.25457558035850525,
        0.25697624683380127,
        0.2589183449745178,
        0.2595784366130829,
        0.25201091170310974,
        0.254506379365921,
        0.2516106963157654,
        0.25142937898635864
      ]
    },
    "test": {
      "loss": 0.5767207670504748,
      "ce": 0.5260031331600795,
      "symbol_mse": 0.2535881648068074,
      "accuracy": 0.6221385288671941,
      "per_mode_accuracy": [
        0.6096616731190035,
        0.6278404309038882,
        0.620097626662178,
        0.626493856253156,
        0.622285810469618,
        0.6243056724457162,
        0.6275037872412051,
        0.6189193738427874
      ],
      "per_mode_symbol_mse": [
        0.2551063299179077,
        0.25678470730781555,
        0.25356417894363403,
        0.25429797172546387,
        0.2526254653930664,
        0.2550431191921234,
        0.2505873143672943,
        0.25069621205329895
      ]
    }
  }
}
