x_pixel,y_row,Cn2,BER,BER_percent
355.0,2284.000000,9.886440475883334e-19,0.0000000000,0.000000
356.0,2283.000000,9.924149636299445e-19,0.0000000000,0.000000
357.0,2282.000000,9.962002628136335e-19,0.0000000000,0.000000
358.0,2281.000000,1.000000000000000e-18,0.0000000000,0.000000
359.0,2280.000000,1.003814230258919e-18,0.0000000000,0.000000
360.0,2279.000000,1.007643008870313e-18,0.0000000000,0.000000
361.0,2278.000000,1.011486391324934e-18,0.0000000000,0.000000
362.0,2277.000000,1.015344433325219e-18,0.0000000000,0.000000
363.0,2276.000000,1.019217190786032e-18,0.0000000000,0.000000
364.0,2275.000000,1.023104719835538e-18,0.0000000000,0.000000
365.0,2274.000000,1.027007076815986e-18,0.0000000000,0.000000
366.0,2273.000000,1.030924318284501e-18,0.0000000000,0.000000
367.0,2272.000000,1.034856501013957e-18,0.0000000000,0.000000
368.0,2271.000000,1.038803681993771e-18,0.0000000000,0.000000
369.0,2270.000000,1.042765918430708e-18,0.0000000000,0.000000
370.0,2269.000000,1.046743267749764e-18,0.0000000000,0.000000
371.0,2267.500000,1.050735787594935e-18,0.0000000000,0.000000
372.0,2265.500000,1.054743535830108e-18,0.0000000000,0.000000
373.0,2263.500000,1.058766570539878e-18,0.0000000000,0.000000
374.0,2261.500000,1.062804950030363e-18,0.0000000000,0.000000
375.0,2259.500000,1.066858732830097e-18,0.0000000000,0.000000
376.0,2257.500000,1.070927977690858e-18,0.0000000000,0.000000
377.0,2255.500000,1.075012743588489e-18,0.0000000000,0.000000
378.0,2253.500000,1.079113089723817e-18,0.0000000000,0.000000
379.0,2251.500000,1.083229075523436e-18,0.0000000000,0.000000
380.0,2249.500000,1.087360760640638e-18,0.0000000000,0.000000
381.0,2247.500000,1.091508204956243e-18,0.0000000000,0.000000
382.0,2247.500000,1.095671468579446e-18,0.0000000000,0.000000
383.0,2249.500000,1.099850611848735e-18,0.0000000000,0.000000
384.0,2251.500000,1.104045695332748e-18,0.0000000000,0.000000
385.0,2253.500000,1.108256779831115e-18,0.0000000000,0.000000
386.0,2255.500000,1.112483926375407e-18,0.0000000000,0.000000
387.0,2257.500000,1.116727196229949e-18,0.0000000000,0.000000
388.0,2259.500000,1.120986650892766e-18,0.0000000000,0.000000
389.0,2261.500000,1.125262352096455e-18,0.0000000000,0.000000
390.0,2263.500000,1.129554361809043e-18,0.0000000000,0.000000
391.0,2265.500000,1.133862742234958e-18,0.0000000000,0.000000
392.0,2267.500000,1.138187555815851e-18,0.0000000000,0.000000
393.0,2269.000000,1.142528865231568e-18,0.0000000000,0.000000
394.0,2269.500000,1.146886733401032e-18,0.0000000000,0.000000
395.0,2269.500000,1.151261223483122e-18,0.0000000000,0.000000
396.0,2269.500000,1.155652398877651e-18,0.0000000000,0.000000
397.0,2269.500000,1.160060323226252e-18,0.0000000000,0.000000
398.0,2269.500000,1.164485060413272e-18,0.0000000000,0.000000
399.0,2269.500000,1.168926674566769e-18,0.0000000000,0.000000
400.0,2270.000000,1.173385230059358e-18,0.0000000000,0.000000
401.0,2271.000000,1.177860791509219e-18,0.0000000000,0.000000
402.0,2272.000000,1.182353423780997e-18,0.0000000000,0.000000
403.0,2266.000000,1.186863191986718e-18,0.0000000000,0.000000
404.0,2265.000000,1.191390161486791e-18,0.0000000000,0.000000
405.0,2264.000000,1.195934397890921e-18,0.0000000000,0.000000
406.0,2263.000000,1.200495967059039e-18,0.0000000000,0.000000
407.0,2262.000000,1.205074935102315e-18,0.0000000000,0.000000
408.0,2261.000000,1.209671368384047e-18,0.0000000000,0.000000
409.0,2260.500000,1.214285333520684e-18,0.0000000000,0.000000
410.0,2260.500000,1.218916897382770e-18,0.0000000000,0.000000
411.0,2260.500000,1.223566127095875e-18,0.0000000000,0.000000
412.0,2260.500000,1.228233090041631e-18,0.0000000000,0.000000
413.0,2260.500000,1.232917853858683e-18,0.0000000000,0.000000
414.0,2260.500000,1.237620486443632e-18,0.0000000000,0.000000
415.0,2260.500000,1.242341055952093e-18,0.0000000000,0.000000
416.0,2260.500000,1.247079630799603e-18,0.0000000000,0.000000
417.0,2260.500000,1.251836279662680e-18,0.0000000000,0.000000
418.0,2260.500000,1.256611071479791e-18,0.0000000000,0.000000
419.0,2260.500000,1.261404075452322e-18,0.0000000000,0.000000
420.0,2260.500000,1.266215361045646e-18,0.0000000000,0.000000
421.0,2260.500000,1.271044997990053e-18,0.0000000000,0.000000
422.0,2260.500000,1.275893056281834e-18,0.0000000000,0.000000
423.0,2260.500000,1.280759606184259e-18,0.0000000000,0.000000
424.0,2260.500000,1.285644718228568e-18,0.0000000000,0.000000
425.0,2260.500000,1.290548463215054e-18,0.0000000000,0.000000
426.0,2260.500000,1.295470912214060e-18,0.0000000000,0.000000
427.0,2260.500000,1.300412136566976e-18,0.0000000000,0.000000
428.0,2260.500000,1.305372207887346e-18,0.0000000000,0.000000
429.0,2260.500000,1.310351198061821e-18,0.0000000000,0.000000
430.0,2260.500000,1.315349179251278e-18,0.0000000000,0.000000
431.0,2260.500000,1.320366223891833e-18,0.0000000000,0.000000
432.0,2260.500000,1.325402404695856e-18,0.0000000000,0.000000
433.0,2260.500000,1.330457794653090e-18,0.0000000000,0.000000
434.0,2260.500000,1.335532467031681e-18,0.0000000000,0.000000
435.0,2260.500000,1.340626495379201e-18,0.0000000000,0.000000
436.0,2260.500000,1.345739953523796e-18,0.0000000000,0.000000
437.0,2260.500000,1.350872915575162e-18,0.0000000000,0.000000
438.0,2260.500000,1.356025455925702e-18,0.0000000000,0.000000
439.0,2260.500000,1.361197649251569e-18,0.0000000000,0.000000
440.0,2260.500000,1.366389570513713e-18,0.0000000000,0.000000
441.0,2260.500000,1.371601294959038e-18,0.0000000000,0.000000
442.0,2260.500000,1.376832898121453e-18,0.0000000000,0.000000
443.0,2260.500000,1.382084455822943e-18,0.0000000000,0.000000
444.0,2260.500000,1.387356044174735e-18,0.0000000000,0.000000
445.0,2260.500000,1.392647739578320e-18,0.0000000000,0.000000
446.0,2260.500000,1.397959618726634e-18,0.0000000000,0.000000
447.0,2260.500000,1.403291758605139e-18,0.0000000000,0.000000
448.0,2260.500000,1.408644236492902e-18,0.0000000000,0.000000
449.0,2260.500000,1.414017129963796e-18,0.0000000000,0.000000
450.0,2260.500000,1.419410516887533e-18,0.0000000000,0.000000
451.0,2260.500000,1.424824475430873e-18,0.0000000000,0.000000
452.0,2260.500000,1.430259084058721e-18,0.0000000000,0.000000
453.0,2260.500000,1.435714421535231e-18,0.0000000000,0.000000
454.0,2260.500000,1.441190566925016e-18,0.0000000000,0.000000
455.0,2260.500000,1.446687599594262e-18,0.0000000000,0.000000
456.0,2260.500000,1.452205599211837e-18,0.0000000000,0.000000
457.0,2260.500000,1.457744645750533e-18,0.0000000000,0.000000
458.0,2260.500000,1.463304819488131e-18,0.0000000000,0.000000
459.0,2260.500000,1.468886201008645e-18,0.0000000000,0.000000
460.0,2260.500000,1.474488871203452e-18,0.0000000000,0.000000
461.0,2260.500000,1.480112911272435e-18,0.0000000000,0.000000
462.0,2260.500000,1.485758402725226e-18,0.0000000000,0.000000
463.0,2260.500000,1.491425427382355e-18,0.0000000000,0.000000
464.0,2260.500000,1.497114067376398e-18,0.0000000000,0.000000
465.0,2260.500000,1.502824405153250e-18,0.0000000000,0.000000
466.0,2260.500000,1.508556523473227e-18,0.0000000000,0.000000
467.0,2260.500000,1.514310505412347e-18,0.0000000000,0.000000
468.0,2260.500000,1.520086434363502e-18,0.0000000000,0.000000
469.0,2260.500000,1.525884394037623e-18,0.0000000000,0.000000
470.0,2260.500000,1.531704468464973e-18,0.0000000000,0.000000
471.0,2260.500000,1.537546741996325e-18,0.0000000000,0.000000
472.0,2260.500000,1.543411299304150e-18,0.0000000000,0.000000
473.0,2260.500000,1.549298225383925e-18,0.0000000000,0.000000
474.0,2260.500000,1.555207605555273e-18,0.0000000000,0.000000
475.0,2260.500000,1.561139525463283e-18,0.0000000000,0.000000
476.0,2260.500000,1.567094071079711e-18,0.0000000000,0.000000
477.0,2260.500000,1.573071328704196e-18,0.0000000000,0.000000
478.0,2260.500000,1.579071384965589e-18,0.0000000000,0.000000
479.0,2260.500000,1.585094326823118e-18,0.0000000000,0.000000
480.0,2260.500000,1.591140241567726e-18,0.0000000000,0.000000
481.0,2260.500000,1.597209216823310e-18,0.0000000000,0.000000
482.0,2260.500000,1.603301340547941e-18,0.0000000000,0.000000
483.0,2260.500000,1.609416701035224e-18,0.0000000000,0.000000
484.0,2260.500000,1.615555386915535e-18,0.0000000000,0.000000
485.0,2260.500000,1.621717487157267e-18,0.0000000000,0.000000
486.0,2260.500000,1.627903091068213e-18,0.0000000000,0.000000
487.0,2260.500000,1.634112288296753e-18,0.0000000000,0.000000
488.0,2260.500000,1.640345168833245e-18,0.0000000000,0.000000
489.0,2260.500000,1.646601823011293e-18,0.0000000000,0.000000
490.0,2260.500000,1.652882341509013e-18,0.0000000000,0.000000
491.0,2260.500000,1.659186815350429e-18,0.0000000000,0.000000
492.0,2260.500000,1.665515335906751e-18,0.0000000000,0.000000
493.0,2260.500000,1.671867994897660e-18,0.0000000000,0.000000
494.0,2260.500000,1.678244884392730e-18,0.0000000000,0.000000
495.0,2260.500000,1.684646096812656e-18,0.0000000000,0.000000
496.0,2260.500000,1.691071724930688e-18,0.0000000000,0.000000
497.0,2260.500000,1.697521861873934e-18,0.0000000000,0.000000
498.0,2260.500000,1.703996601124669e-18,0.0000000000,0.000000
499.0,2260.500000,1.710496036521773e-18,0.0000000000,0.000000
500.0,2260.500000,1.717020262262049e-18,0.0000000000,0.000000
501.0,2260.500000,1.723569372901545e-18,0.0000000000,0.000000
502.0,2261.000000,1.730143463357026e-18,0.0000000000,0.000000
503.0,2262.000000,1.736742628907233e-18,0.0000000000,0.000000
504.0,2263.000000,1.743366965194364e-18,0.0000000000,0.000000
505.0,2264.000000,1.750016568225422e-18,0.0000000000,0.000000
506.0,2265.000000,1.756691534373557e-18,0.0000000000,0.000000
507.0,2266.000000,1.763391960379565e-18,0.0000000000,0.000000
508.0,2272.000000,1.770117943353178e-18,0.0000000000,0.000000
509.0,2271.000000,1.776869580774571e-18,0.0000000000,0.000000
510.0,2270.000000,1.783646970495728e-18,0.0000000000,0.000000
511.0,2269.500000,1.790450210741821e-18,0.0000000000,0.000000
512.0,2269.500000,1.797279400112720e-18,0.0000000000,0.000000
513.0,2269.500000,1.804134637584375e-18,0.0000000000,0.000000
514.0,2269.500000,1.811016022510213e-18,0.0000000000,0.000000
515.0,2269.500000,1.817923654622673e-18,0.0000000000,0.000000
516.0,2269.500000,1.824857634034538e-18,0.0000000000,0.000000
517.0,2269.000000,1.831818061240491e-18,0.0000000000,0.000000
518.0,2267.500000,1.838805037118524e-18,0.0000000000,0.000000
519.0,2265.500000,1.845818662931353e-18,0.0000000000,0.000000
520.0,2263.500000,1.852859040327983e-18,0.0000000000,0.000000
521.0,2261.500000,1.859926271345128e-18,0.0000000000,0.000000
522.0,2259.500000,1.867020458408650e-18,0.0000000000,0.000000
523.0,2257.500000,1.874141704335147e-18,0.0000000000,0.000000
524.0,2255.500000,1.881290112333324e-18,0.0000000000,0.000000
525.0,2253.500000,1.888465786005590e-18,0.0000000000,0.000000
526.0,2251.500000,1.895668829349521e-18,0.0000000000,0.000000
527.0,2249.500000,1.902899346759314e-18,0.0000000000,0.000000
528.0,2247.500000,1.910157443027400e-18,0.0000000000,0.000000
529.0,2247.500000,1.917443223345910e-18,0.0000000000,0.000000
530.0,2249.500000,1.924756793308154e-18,0.0000000000,0.000000
531.0,2251.500000,1.932098258910265e-18,0.0000000000,0.000000
532.0,2253.500000,1.939467726552604e-18,0.0000000000,0.000000
533.0,2255.500000,1.946865303041417e-18,0.0000000000,0.000000
534.0,2257.500000,1.954291095590333e-18,0.0000000000,0.000000
535.0,2259.500000,1.961745211821869e-18,0.0000000000,0.000000
536.0,2261.500000,1.969227759769104e-18,0.0000000000,0.000000
537.0,2263.500000,1.976738847877118e-18,0.0000000000,0.000000
538.0,2265.500000,1.984278585004671e-18,0.0000000000,0.000000
539.0,2267.500000,1.991847080425736e-18,0.0000000000,0.000000
540.0,2269.000000,1.999444443831035e-18,0.0000000000,0.000000
541.0,2269.500000,2.007070785329722e-18,0.0000000000,0.000000
542.0,2269.500000,2.014726215450935e-18,0.0000000000,0.000000
543.0,2269.500000,2.022410845145344e-18,0.0000000000,0.000000
544.0,2269.500000,2.030124785786879e-18,0.0000000000,0.000000
545.0,2269.500000,2.037868149174208e-18,0.0000000000,0.000000
546.0,2269.500000,2.045641047532475e-18,0.0000000000,0.000000
547.0,2270.000000,2.053443593514876e-18,0.0000000000,0.000000
548.0,2271.000000,2.061275900204243e-18,0.0000000000,0.000000
549.0,2272.000000,2.069138081114782e-18,0.0000000000,0.000000
550.0,2266.000000,2.077030250193667e-18,0.0000000000,0.000000
551.0,2265.000000,2.084952521822645e-18,0.0000000000,0.000000
552.0,2264.000000,2.092905010819807e-18,0.0000000000,0.000000
553.0,2263.000000,2.100887832441118e-18,0.0000000000,0.000000
554.0,2262.000000,2.108901102382209e-18,0.0000000000,0.000000
555.0,2261.000000,2.116944936780000e-18,0.0000000000,0.000000
556.0,2260.500000,2.125019452214330e-18,0.0000000000,0.000000
557.0,2260.500000,2.133124765709757e-18,0.0000000000,0.000000
558.0,2260.500000,2.141260994737193e-18,0.0000000000,0.000000
559.0,2260.500000,2.149428257215562e-18,0.0000000000,0.000000
560.0,2260.500000,2.157626671513626e-18,0.0000000000,0.000000
561.0,2260.500000,2.165856356451563e-18,0.0000000000,0.000000
562.0,2260.500000,2.174117431302812e-18,0.0000000000,0.000000
563.0,2260.500000,2.182410015795747e-18,0.0000000000,0.000000
564.0,2260.500000,2.190734230115362e-18,0.0000000000,0.000000
565.0,2260.500000,2.199090194905135e-18,0.0000000000,0.000000
566.0,2260.500000,2.207478031268634e-18,0.0000000000,0.000000
567.0,2260.500000,2.215897860771396e-18,0.0000000000,0.000000
568.0,2260.500000,2.224349805442642e-18,0.0000000000,0.000000
569.0,2260.500000,2.232833987776981e-18,0.0000000000,0.000000
570.0,2260.500000,2.241350530736302e-18,0.0000000000,0.000000
571.0,2260.500000,2.249899557751498e-18,0.0000000000,0.000000
572.0,2260.500000,2.258481192724201e-18,0.0000000000,0.000000
573.0,2260.500000,2.267095560028707e-18,0.0000000000,0.000000
574.0,2260.500000,2.275742784513628e-18,0.0000000000,0.000000
575.0,2260.500000,2.284422991503836e-18,0.0000000000,0.000000
576.0,2260.500000,2.293136306802218e-18,0.0000000000,0.000000
577.0,2260.500000,2.301882856691448e-18,0.0000000000,0.000000
578.0,2260.500000,2.310662767935927e-18,0.0000000000,0.000000
579.0,2260.500000,2.319476167783564e-18,0.0000000000,0.000000
580.0,2260.500000,2.328323183967564e-18,0.0000000000,0.000000
581.0,2260.500000,2.337203944708414e-18,0.0000000000,0.000000
582.0,2260.500000,2.346118578715585e-18,0.0000000000,0.000000
583.0,2260.500000,2.355067215189533e-18,0.0000000000,0.000000
584.0,2260.500000,2.364049983823515e-18,0.0000000000,0.000000
585.0,2260.500000,2.373067014805411e-18,0.0000000000,0.000000
586.0,2260.500000,2.382118438819723e-18,0.0000000000,0.000000
587.0,2260.500000,2.391204387049417e-18,0.0000000000,0.000000
588.0,2260.500000,2.400324991177760e-18,0.0000000000,0.000000
589.0,2260.500000,2.409480383390368e-18,0.0000000000,0.000000
590.0,2260.500000,2.418670696376967e-18,0.0000000000,0.000000
591.0,2260.500000,2.427896063333447e-18,0.0000000000,0.000000
592.0,2260.500000,2.437156617963743e-18,0.0000000000,0.000000
593.0,2260.500000,2.446452494481704e-18,0.0000000000,0.000000
594.0,2260.500000,2.455783827613183e-18,0.0000000000,0.000000
595.0,2260.500000,2.465150752597829e-18,0.0000000000,0.000000
596.0,2260.500000,2.474553405191183e-18,0.0000000000,0.000000
597.0,2260.500000,2.483991921666594e-18,0.0000000000,0.000000
598.0,2260.500000,2.493466438817124e-18,0.0000000000,0.000000
599.0,2260.500000,2.502977093957658e-18,0.0000000000,0.000000
600.0,2260.500000,2.512524024926832e-18,0.0000000000,0.000000
601.0,2260.500000,2.522107370088968e-18,0.0000000000,0.000000
602.0,2260.500000,2.531727268336224e-18,0.0000000000,0.000000
603.0,2260.500000,2.541383859090441e-18,0.0000000000,0.000000
604.0,2260.500000,2.551077282305311e-18,0.0000000000,0.000000
605.0,2260.500000,2.560807678468341e-18,0.0000000000,0.000000
606.0,2260.500000,2.570575188602826e-18,0.0000000000,0.000000
607.0,2260.500000,2.580379954270020e-18,0.0000000000,0.000000
608.0,2260.500000,2.590222117571125e-18,0.0000000000,0.000000
609.0,2260.500000,2.600101821149285e-18,0.0000000000,0.000000
610.0,2260.500000,2.610019208191804e-18,0.0000000000,0.000000
611.0,2260.500000,2.619974422432048e-18,0.0000000000,0.000000
612.0,2260.500000,2.629967608151681e-18,0.0000000000,0.000000
613.0,2260.500000,2.639998910182690e-18,0.0000000000,0.000000
614.0,2260.500000,2.650068473909421e-18,0.0000000000,0.000000
615.0,2260.500000,2.660176445270834e-18,0.0000000000,0.000000
616.0,2260.500000,2.670322970762449e-18,0.0000000000,0.000000
617.0,2260.500000,2.680508197438617e-18,0.0000000000,0.000000
618.0,2260.500000,2.690732272914588e-18,0.0000000000,0.000000
619.0,2260.500000,2.700995345368588e-18,0.0000000000,0.000000
620.0,2260.500000,2.711297563544091e-18,0.0000000000,0.000000
621.0,2260.500000,2.721639076751916e-18,0.0000000000,0.000000
622.0,2260.500000,2.732020034872318e-18,0.0000000000,0.000000
623.0,2260.500000,2.742440588357322e-18,0.0000000000,0.000000
624.0,2260.500000,2.752900888232721e-18,0.0000000000,0.000000
625.0,2260.500000,2.763401086100422e-18,0.0000000000,0.000000
626.0,2260.500000,2.773941334140578e-18,0.0000000000,0.000000
627.0,2260.500000,2.784521785113722e-18,0.0000000000,0.000000
628.0,2260.500000,2.795142592363121e-18,0.0000000000,0.000000
629.0,2260.500000,2.805803909816927e-18,0.0000000000,0.000000
630.0,2260.500000,2.816505891990343e-18,0.0000000000,0.000000
631.0,2260.500000,2.827248693988018e-18,0.0000000000,0.000000
632.0,2260.500000,2.838032471506116e-18,0.0000000000,0.000000
633.0,2260.500000,2.848857380834728e-18,0.0000000000,0.000000
634.0,2260.500000,2.859723578860075e-18,0.0000000000,0.000000
635.0,2260.500000,2.870631223066706e-18,0.0000000000,0.000000
636.0,2260.500000,2.881580471539947e-18,0.0000000000,0.000000
637.0,2260.500000,2.892571482968003e-18,0.0000000000,0.000000
638.0,2260.500000,2.903604416644425e-18,0.0000000000,0.000000
639.0,2260.500000,2.914679432470344e-18,0.0000000000,0.000000
640.0,2260.500000,2.925796690956720e-18,0.0000000000,0.000000
641.0,2260.500000,2.936956353226811e-18,0.0000000000,0.000000
642.0,2260.500000,2.948158581018436e-18,0.0000000000,0.000000
643.0,2260.500000,2.959403536686247e-18,0.0000000000,0.000000
644.0,2260.500000,2.970691383204251e-18,0.0000000000,0.000000
645.0,2260.500000,2.982022284167977e-18,0.0000000000,0.000000
646.0,2260.500000,2.993396403797021e-18,0.0000000000,0.000000
647.0,2260.500000,3.004813906937346e-18,0.0000000000,0.000000
648.0,2260.500000,3.016274959063606e-18,0.0000000000,0.000000
649.0,2261.000000,3.027779726281684e-18,0.0000000000,0.000000
650.0,2262.000000,3.039328375331033e-18,0.0000000000,0.000000
651.0,2263.000000,3.050921073587011e-18,0.0000000000,0.000000
652.0,2264.000000,3.062557989063484e-18,0.0000000000,0.000000
653.0,2265.000000,3.074239290415063e-18,0.0000000000,0.000000
654.0,2266.000000,3.085965146939720e-18,0.0000000000,0.000000
655.0,2272.000000,3.097735728581171e-18,0.0000000000,0.000000
656.0,2271.000000,3.109551205931259e-18,0.0000000000,0.000000
657.0,2270.000000,3.121411750232579e-18,0.0000000000,0.000000
658.0,2269.500000,3.133317533380886e-18,0.0000000000,0.000000
659.0,2269.500000,3.145268727927507e-18,0.0000000000,0.000000
660.0,2269.500000,3.157265507082025e-18,0.0000000000,0.000000
661.0,2269.500000,3.169308044714577e-18,0.0000000000,0.000000
662.0,2269.500000,3.181396515358561e-18,0.0000000000,0.000000
663.0,2269.500000,3.193531094213086e-18,0.0000000000,0.000000
664.0,2269.000000,3.205711957145431e-18,0.0000000000,0.000000
665.0,2267.500000,3.217939280693779e-18,0.0000000000,0.000000
666.0,2265.500000,3.230213242069564e-18,0.0000000000,0.000000
667.0,2263.500000,3.242534019160225e-18,0.0000000000,0.000000
668.0,2261.500000,3.254901790531705e-18,0.0000000000,0.000000
669.0,2259.500000,3.267316735430960e-18,0.0000000000,0.000000
670.0,2257.500000,3.279779033788712e-18,0.0000000000,0.000000
671.0,2255.500000,3.292288866221983e-18,0.0000000000,0.000000
672.0,2253.500000,3.304846414036627e-18,0.0000000000,0.000000
673.0,2251.500000,3.317451859230152e-18,0.0000000000,0.000000
674.0,2249.500000,3.330105384494133e-18,0.0000000000,0.000000
675.0,2247.500000,3.342807173217058e-18,0.0000000000,0.000000
676.0,2247.500000,3.355557409486901e-18,0.0000000000,0.000000
677.0,2249.500000,3.368356278093704e-18,0.0000000000,0.000000
678.0,2251.500000,3.381203964532427e-18,0.0000000000,0.000000
679.0,2253.500000,3.394100655005550e-18,0.0000000000,0.000000
680.0,2255.500000,3.407046536425688e-18,0.0000000000,0.000000
681.0,2257.500000,3.420041796418495e-18,0.0000000000,0.000000
682.0,2259.500000,3.433086623325161e-18,0.0000000000,0.000000
683.0,2261.500000,3.446181206205336e-18,0.0000000000,0.000000
684.0,2263.500000,3.459325734839789e-18,0.0000000000,0.000000
685.0,2265.500000,3.472520399733071e-18,0.0000000000,0.000000
686.0,2267.500000,3.485765392116445e-18,0.0000000000,0.000000
687.0,2269.000000,3.499060903950576e-18,0.0000000000,0.000000
688.0,2269.500000,3.512407127928223e-18,0.0000000000,0.000000
689.0,2269.500000,3.525804257477237e-18,0.0000000000,0.000000
690.0,2269.500000,3.539252486763131e-18,0.0000000000,0.000000
691.0,2269.500000,3.552752010692096e-18,0.0000000000,0.000000
692.0,2269.500000,3.566303024913741e-18,0.0000000000,0.000000
693.0,2269.500000,3.579905725823840e-18,0.0000000000,0.000000
694.0,2270.000000,3.593560310567382e-18,0.0000000000,0.000000
695.0,2271.000000,3.607266977041197e-18,0.0000000000,0.000000
696.0,2272.000000,3.621025923897025e-18,0.0000000000,0.000000
697.0,2266.000000,3.634837350544312e-18,0.0000000000,0.000000
698.0,2265.000000,3.648701457153006e-18,0.0000000000,0.000000
699.0,2264.000000,3.662618444656639e-18,0.0000000000,0.000000
700.0,2263.000000,3.676588514755152e-18,0.0000000000,0.000000
701.0,2262.000000,3.690611869917724e-18,0.0000000000,0.000000
702.0,2261.000000,3.704688713385918e-18,0.0000000000,0.000000
703.0,2260.500000,3.718819249176389e-18,0.0000000000,0.000000
704.0,2260.500000,3.733003682084047e-18,0.0000000000,0.000000
705.0,2260.500000,3.747242217684937e-18,0.0000000000,0.000000
706.0,2260.500000,3.761535062339128e-18,0.0000000000,0.000000
707.0,2260.500000,3.775882423193885e-18,0.0000000000,0.000000
708.0,2260.500000,3.790284508186581e-18,0.0000000000,0.000000
709.0,2260.500000,3.804741526047617e-18,0.0000000000,0.000000
710.0,2260.500000,3.819253686303663e-18,0.0000000000,0.000000
711.0,2260.500000,3.833821199280449e-18,0.0000000000,0.000000
712.0,2260.500000,3.848444276106028e-18,0.0000000000,0.000000
713.0,2260.500000,3.863123128713746e-18,0.0000000000,0.000000
714.0,2260.500000,3.877857969845214e-18,0.0000000000,0.000000
715.0,2260.500000,3.892649013053586e-18,0.0000000000,0.000000
716.0,2260.500000,3.907496472706556e-18,0.0000000000,0.000000
717.0,2260.500000,3.922400563989372e-18,0.0000000000,0.000000
718.0,2260.500000,3.937361502908172e-18,0.0000000000,0.000000
719.0,2260.500000,3.952379506292865e-18,0.0000000000,0.000000
720.0,2260.500000,3.967454791800497e-18,0.0000000000,0.000000
721.0,2260.500000,3.982587577918307e-18,0.0000000000,0.000000
722.0,2260.500000,3.997778083966797e-18,0.0000000000,0.000000
723.0,2260.500000,4.013026530103137e-18,0.0000000000,0.000000
724.0,2260.500000,4.028333137324099e-18,0.0000000000,0.000000
725.0,2260.500000,4.043698127469486e-18,0.0000000000,0.000000
726.0,2260.500000,4.059121723225245e-18,0.0000000000,0.000000
727.0,2260.500000,4.074604148126605e-18,0.0000000000,0.000000
728.0,2260.500000,4.090145626561504e-18,0.0000000000,0.000000
729.0,2260.500000,4.105746383773753e-18,0.0000000000,0.000000
730.0,2260.500000,4.121406645866188e-18,0.0000000000,0.000000
731.0,2260.500000,4.137126639804193e-18,0.0000000000,0.000000
732.0,2260.500000,4.152906593418712e-18,0.0000000000,0.000000
733.0,2260.500000,4.168746735409793e-18,0.0000000000,0.000000
734.0,2260.500000,4.184647295349795e-18,0.0000000000,0.000000
735.0,2260.500000,4.200608503686620e-18,0.0000000000,0.000000
736.0,2260.500000,4.216630591747253e-18,0.0000000000,0.000000
737.0,2260.500000,4.232713791741011e-18,0.0000000000,0.000000
738.0,2260.500000,4.248858336762812e-18,0.0000000000,0.000000
739.0,2260.500000,4.265064460796786e-18,0.0000000000,0.000000
740.0,2260.500000,4.281332398719396e-18,0.0000000000,0.000000
741.0,2260.500000,4.297662386303080e-18,0.0000000000,0.000000
742.0,2260.500000,4.314054660219569e-18,0.0000000000,0.000000
743.0,2260.500000,4.330509458043207e-18,0.0000000000,0.000000
744.0,2260.500000,4.347027018254609e-18,0.0000000000,0.000000
745.0,2260.500000,4.363607580244008e-18,0.0000000000,0.000000
746.0,2260.500000,4.380251384314621e-18,0.0000000000,0.000000
747.0,2260.500000,4.396958671686380e-18,0.0000000000,0.000000
748.0,2260.500000,4.413729684499141e-18,0.0000000000,0.000000
749.0,2260.500000,4.430564665816444e-18,0.0000000000,0.000000
750.0,2260.500000,4.447463859628934e-18,0.0000000000,0.000000
751.0,2260.500000,4.464427510857777e-18,0.0000000000,0.000000
752.0,2260.500000,4.481455865358477e-18,0.0000000000,0.000000
753.0,2260.500000,4.498549169924135e-18,0.0000000000,0.000000
754.0,2260.500000,4.515707672289292e-18,0.0000000000,0.000000
755.0,2260.500000,4.532931621133407e-18,0.0000000000,0.000000
756.0,2260.500000,4.550221266084343e-18,0.0000000000,0.000000
757.0,2260.500000,4.567576857722216e-18,0.0000000000,0.000000
758.0,2260.500000,4.584998647582914e-18,0.0000000000,0.000000
759.0,2260.500000,4.602486888161626e-18,0.0000000000,0.000000
760.0,2260.500000,4.620041832916766e-18,0.0000000000,0.000000
761.0,2260.500000,4.637663736273347e-18,0.0000000000,0.000000
762.0,2260.500000,4.655352853626930e-18,0.0000000000,0.000000
763.0,2260.500000,4.673109441347215e-18,0.0000000000,0.000000
764.0,2260.500000,4.690933756781640e-18,0.0000000000,0.000000
765.0,2260.500000,4.708826058259340e-18,0.0000000000,0.000000
766.0,2260.500000,4.726786605094775e-18,0.0000000000,0.000000
767.0,2260.500000,4.744815657591379e-18,0.0000000000,0.000000
768.0,2260.500000,4.762913477045594e-18,0.0000000000,0.000000
769.0,2260.500000,4.781080325750352e-18,0.0000000000,0.000000
770.0,2260.500000,4.799316466999150e-18,0.0000000000,0.000000
771.0,2260.500000,4.817622165089744e-18,0.0000000000,0.000000
772.0,2260.500000,4.835997685327866e-18,0.0000000000,0.000000
773.0,2260.500000,4.854443294031304e-18,0.0000000000,0.000000
774.0,2260.500000,4.872959258533643e-18,0.0000000000,0.000000
775.0,2260.500000,4.891545847188019e-18,0.0000000000,0.000000
776.0,2260.500000,4.910203329371291e-18,0.0000000000,0.000000
777.0,2260.500000,4.928931975487622e-18,0.0000000000,0.000000
778.0,2260.500000,4.947732056972679e-18,0.0000000000,0.000000
779.0,2260.500000,4.966603846297446e-18,0.0000000000,0.000000
780.0,2260.500000,4.985547616972056e-18,0.0000000000,0.000000
781.0,2260.500000,5.004563643550031e-18,0.0000000000,0.000000
782.0,2260.500000,5.023652201631943e-18,0.0000000000,0.000000
783.0,2260.500000,5.042813567869691e-18,0.0000000000,0.000000
784.0,2260.500000,5.062048019970386e-18,0.0000000000,0.000000
785.0,2260.500000,5.081355836700256e-18,0.0000000000,0.000000
786.0,2260.500000,5.100737297888931e-18,0.0000000000,0.000000
787.0,2260.500000,5.120192684433375e-18,0.0000000000,0.000000
788.0,2260.500000,5.139722278301835e-18,0.0000000000,0.000000
789.0,2260.500000,5.159326362538214e-18,0.0000000000,0.000000
790.0,2260.500000,5.179005221265843e-18,0.0000000000,0.000000
791.0,2260.500000,5.198759139691893e-18,0.0000000000,0.000000
792.0,2260.500000,5.218588404111378e-18,0.0000000000,0.000000
793.0,2260.500000,5.238493301911181e-18,0.0000000000,0.000000
794.0,2260.500000,5.258474121574474e-18,0.0000000000,0.000000
795.0,2260.500000,5.278531152684767e-18,0.0000000000,0.000000
796.0,2261.000000,5.298664685929981e-18,0.0000000000,0.000000
797.0,2262.000000,5.318875013106963e-18,0.0000000000,0.000000
798.0,2263.000000,5.339162427125361e-18,0.0000000000,0.000000
799.0,2264.000000,5.359527222012184e-18,0.0000000000,0.000000
800.0,2265.000000,5.379969692915925e-18,0.0000000000,0.000000
801.0,2266.000000,5.400490136110710e-18,0.0000000000,0.000000
802.0,2272.000000,5.421088849000855e-18,0.0000000000,0.000000
803.0,2271.000000,5.441766130125045e-18,0.0000000000,0.000000
804.0,2270.000000,5.462522279160526e-18,0.0000000000,0.000000
805.0,2269.500000,5.483357596927762e-18,0.0000000000,0.000000
806.0,2269.500000,5.504272385394435e-18,0.0000000000,0.000000
807.0,2269.500000,5.525266947680137e-18,0.0000000000,0.000000
808.0,2269.500000,5.546341588060627e-18,0.0000000000,0.000000
809.0,2269.500000,5.567496611972106e-18,0.0000000000,0.000000
810.0,2269.500000,5.588732326015963e-18,0.0000000000,0.000000
811.0,2269.000000,5.610049037962850e-18,0.0000000000,0.000000
812.0,2267.500000,5.631447056757464e-18,0.0000000000,0.000000
813.0,2265.500000,5.652926692522893e-18,0.0000000000,0.000000
814.0,2263.500000,5.674488256564963e-18,0.0000000000,0.000000
815.0,2261.500000,5.696132061377031e-18,0.0000000000,0.000000
816.0,2259.500000,5.717858420644378e-18,0.0000000000,0.000000
817.0,2257.500000,5.739667649248613e-18,0.0000000000,0.000000
818.0,2255.500000,5.761560063272560e-18,0.0000000000,0.000000
819.0,2253.500000,5.783535980004472e-18,0.0000000000,0.000000
820.0,2251.500000,5.805595717942949e-18,0.0000000000,0.000000
821.0,2249.500000,5.827739596801423e-18,0.0000000000,0.000000
822.0,2247.500000,5.849967937512641e-18,0.0000000000,0.000000
823.0,2247.500000,5.872281062233606e-18,0.0000000000,0.000000
824.0,2249.500000,5.894679294350099e-18,0.0000000000,0.000000
825.0,2251.500000,5.917162958481231e-18,0.0000000000,0.000000
826.0,2253.500000,5.939732380484471e-18,0.0000000000,0.000000
827.0,2255.500000,5.962387887459994e-18,0.0000000000,0.000000
828.0,2257.500000,5.985129807755754e-18,0.0000000000,0.000000
829.0,2259.500000,6.007958470972100e-18,0.0000000000,0.000000
830.0,2261.500000,6.030874207966408e-18,0.0000000000,0.000000
831.0,2263.500000,6.053877350858165e-18,0.0000000000,0.000000
832.0,2265.500000,6.076968233033640e-18,0.0000000000,0.000000
833.0,2267.500000,6.100147189150565e-18,0.0000000000,0.000000
834.0,2269.000000,6.123414555143330e-18,0.0000000000,0.000000
835.0,2269.500000,6.146770668227460e-18,0.0000000000,0.000000
836.0,2269.500000,6.170215866904847e-18,0.0000000000,0.000000
837.0,2269.500000,6.193750490968505e-18,0.0000000000,0.000000
838.0,2269.500000,6.217374881507349e-18,0.0000000000,0.000000
839.0,2269.500000,6.241089380911487e-18,0.0000000000,0.000000
840.0,2269.500000,6.264894332876774e-18,0.0000000000,0.000000
841.0,2270.000000,6.288790082410161e-18,0.0000000000,0.000000
842.0,2271.000000,6.312776975834529e-18,0.0000000000,0.000000
843.0,2272.000000,6.336855360793562e-18,0.0000000000,0.000000
844.0,2266.000000,6.361025586257091e-18,0.0000000000,0.000000
845.0,2265.000000,6.385288002526000e-18,0.0000000000,0.000000
846.0,2264.000000,6.409642961237145e-18,0.0000000000,0.000000
847.0,2263.000000,6.434090815368813e-18,0.0000000000,0.000000
848.0,2262.000000,6.458631919245423e-18,0.0000000000,0.000000
849.0,2261.000000,6.483266628543027e-18,0.0000000000,0.000000
850.0,2260.500000,6.507995300294305e-18,0.0000000000,0.000000
851.0,2260.500000,6.532818292893588e-18,0.0000000000,0.000000
852.0,2260.500000,6.557735966102360e-18,0.0000000000,0.000000
853.0,2260.500000,6.582748681054320e-18,0.0000000000,0.000000
854.0,2260.500000,6.607856800260455e-18,0.0000000000,0.000000
855.0,2260.500000,6.633060687614663e-18,0.0000000000,0.000000
856.0,2260.500000,6.658360708398606e-18,0.0000000000,0.000000
857.0,2260.500000,6.683757229287375e-18,0.0000000000,0.000000
858.0,2260.500000,6.709250618354644e-18,0.0000000000,0.000000
859.0,2260.500000,6.734841245077841e-18,0.0000000000,0.000000
860.0,2260.500000,6.760529480343829e-18,0.0000000000,0.000000
861.0,2260.500000,6.786315696454123e-18,0.0000000000,0.000000
862.0,2260.500000,6.812200267130113e-18,0.0000000000,0.000000
863.0,2260.500000,6.838183567518871e-18,0.0000000000,0.000000
864.0,2260.500000,6.864265974198141e-18,0.0000000000,0.000000
865.0,2260.500000,6.890447865182193e-18,0.0000000000,0.000000
866.0,2260.500000,6.916729619927128e-18,0.0000000000,0.000000
867.0,2260.500000,6.943111619336213e-18,0.0000000000,0.000000
868.0,2260.500000,6.969594245765791e-18,0.0000000000,0.000000
869.0,2260.500000,6.996177883030376e-18,0.0000000000,0.000000
870.0,2260.500000,7.022862916408608e-18,0.0000000000,0.000000
871.0,2260.500000,7.049649732648668e-18,0.0000000000,0.000000
872.0,2260.500000,7.076538719973715e-18,0.0000000000,0.000000
873.0,2260.500000,7.103530268087847e-18,0.0000000000,0.000000
874.0,2260.500000,7.130624768181590e-18,0.0000000000,0.000000
875.0,2260.500000,7.157822612937384e-18,0.0000000000,0.000000
876.0,2260.500000,7.185124196535681e-18,0.0000000000,0.000000
877.0,2260.500000,7.212529914660195e-18,0.0000000000,0.000000
878.0,2260.500000,7.240040164504048e-18,0.0000000000,0.000000
879.0,2260.500000,7.267655344775345e-18,0.0000000000,0.000000
880.0,2260.500000,7.295375855702777e-18,0.0000000000,0.000000
881.0,2260.500000,7.323202099041783e-18,0.0000000000,0.000000
882.0,2260.500000,7.351134478080186e-18,0.0000000000,0.000000
883.0,2260.500000,7.379173397643858e-18,0.0000000000,0.000000
884.0,2260.500000,7.407319264103019e-18,0.0000000000,0.000000
885.0,2260.500000,7.435572485377632e-18,0.0000000000,0.000000
886.0,2260.500000,7.463933470943742e-18,0.0000000000,0.000000
887.0,2260.500000,7.492402631839232e-18,0.0000000000,0.000000
888.0,2260.500000,7.520980380669595e-18,0.0000000000,0.000000
889.0,2260.500000,7.549667131614277e-18,0.0000000000,0.000000
890.0,2260.500000,7.578463300432506e-18,0.0000000000,0.000000
891.0,2260.500000,7.607369304469120e-18,0.0000000000,0.000000
892.0,2260.500000,7.636385562661057e-18,0.0000000000,0.000000
893.0,2260.500000,7.665512495542929e-18,0.0000000000,0.000000
894.0,2260.500000,7.694750525253547e-18,0.0000000000,0.000000
895.0,2260.500000,7.724100075541861e-18,0.0000000000,0.000000
896.0,2260.500000,7.753561571772910e-18,0.0000000000,0.000000
897.0,2260.500000,7.783135440934417e-18,0.0000000000,0.000000
898.0,2260.500000,7.812822111642491e-18,0.0000000000,0.000000
899.0,2260.500000,7.842622014148267e-18,0.0000000000,0.000000
900.0,2260.500000,7.872535580343957e-18,0.0000000000,0.000000
901.0,2260.500000,7.902563243768918e-18,0.0000000000,0.000000
902.0,2260.500000,7.932705439616319e-18,0.0000000000,0.000000
903.0,2260.500000,7.962962604739257e-18,0.0000000000,0.000000
904.0,2260.500000,7.993335177656890e-18,0.0000000000,0.000000
905.0,2260.500000,8.023823598561254e-18,0.0000000000,0.000000
906.0,2260.500000,8.054428309323112e-18,0.0000000000,0.000000
907.0,2260.500000,8.085149753498822e-18,0.0000000000,0.000000
908.0,2260.500000,8.115988376336572e-18,0.0000000000,0.000000
909.0,2260.500000,8.146944624782627e-18,0.0000000000,0.000000
910.0,2260.500000,8.178018947488206e-18,0.0000000000,0.000000
911.0,2260.500000,8.209211794815793e-18,0.0000000000,0.000000
912.0,2260.500000,8.240523618845452e-18,0.0000000000,0.000000
913.0,2260.500000,8.271954873381852e-18,0.0000000000,0.000000
914.0,2260.500000,8.303506013960315e-18,0.0000000000,0.000000
915.0,2260.500000,8.335177497853876e-18,0.0000000000,0.000000
916.0,2260.500000,8.366969784079715e-18,0.0000000000,0.000000
917.0,2260.500000,8.398883333405610e-18,0.0000000000,0.000000
918.0,2260.500000,8.430918608357012e-18,0.0000000000,0.000000
919.0,2260.500000,8.463076073223558e-18,0.0000000000,0.000000
920.0,2260.500000,8.495356194065576e-18,0.0000000000,0.000000
921.0,2260.500000,8.527759438721343e-18,0.0000000000,0.000000
922.0,2260.500000,8.560286276813293e-18,0.0000000000,0.000000
923.0,2260.500000,8.592937179755319e-18,0.0000000000,0.000000
924.0,2260.500000,8.625712620759400e-18,0.0000000000,0.000000
925.0,2260.500000,8.658613074842236e-18,0.0000000000,0.000000
926.0,2260.500000,8.691639018832638e-18,0.0000000000,0.000000
927.0,2260.500000,8.724790931377868e-18,0.0000000000,0.000000
928.0,2260.500000,8.758069292951068e-18,0.0000000000,0.000000
929.0,2260.500000,8.791474585858019e-18,0.0000000000,0.000000
930.0,2260.500000,8.825007294243913e-18,0.0000000000,0.000000
931.0,2260.500000,8.858667904100795e-18,0.0000000000,0.000000
932.0,2260.500000,8.892456903274401e-18,0.0000000000,0.000000
933.0,2260.500000,8.926374781471000e-18,0.0000000000,0.000000
934.0,2260.500000,8.960422030265008e-18,0.0000000000,0.000000
935.0,2260.500000,8.994599143105525e-18,0.0000000000,0.000000
936.0,2260.500000,9.028906615324001e-18,0.0000000000,0.000000
937.0,2260.500000,9.063344944141195e-18,0.0000000000,0.000000
938.0,2260.500000,9.097914628674156e-18,0.0000000000,0.000000
939.0,2260.500000,9.132616169943903e-18,0.0000000000,0.000000
940.0,2260.500000,9.167450070882468e-18,0.0000000000,0.000000
941.0,2260.500000,9.202416836339953e-18,0.0000000000,0.000000
942.0,2260.500000,9.237516973092378e-18,0.0000000000,0.000000
943.0,2261.000000,9.272750989848421e-18,0.0000000000,0.000000
944.0,2262.000000,9.308119397257318e-18,0.0000000000,0.000000
945.0,2263.000000,9.343622707916040e-18,0.0000000000,0.000000
946.0,2264.000000,9.379261436376493e-18,0.0000000000,0.000000
947.0,2265.000000,9.415036099153428e-18,0.0000000000,0.000000
948.0,2266.000000,9.450947214731708e-18,0.0000000000,0.000000
949.0,2272.000000,9.486995303573581e-18,0.0000000000,0.000000
950.0,2271.000000,9.523180888126768e-18,0.0000000000,0.000000
951.0,2270.000000,9.559504492831415e-18,0.0000000000,0.000000
952.0,2269.500000,9.595966644128242e-18,0.0000000000,0.000000
953.0,2269.500000,9.632567870465928e-18,0.0000000000,0.000000
954.0,2269.500000,9.669308702308546e-18,0.0000000000,0.000000
955.0,2269.500000,9.706189672143797e-18,0.0000000000,0.000000
956.0,2269.500000,9.743211314490091e-18,0.0000000000,0.000000
957.0,2269.500000,9.780374165904856e-18,0.0000000000,0.000000
958.0,2269.000000,9.817678764992077e-18,0.0000000000,0.000000
959.0,2267.500000,9.855125652409853e-18,0.0000000000,0.000000
960.0,2265.500000,9.892715370878719e-18,0.0000000000,0.000000
961.0,2263.500000,9.930448465189275e-18,0.0000000000,0.000000
962.0,2261.500000,9.968325482209832e-18,0.0000000000,0.000000
963.0,2259.500000,1.000634697089491e-17,0.0000000000,0.000000
964.0,2257.500000,1.004451348229253e-17,0.0000000000,0.000000
965.0,2255.500000,1.008282556955281e-17,0.0000000000,0.000000
966.0,2253.500000,1.012128378793568e-17,0.0000000000,0.000000
967.0,2251.500000,1.015988869481873e-17,0.0000000000,0.000000
968.0,2249.500000,1.019864084970583e-17,0.0000000000,0.000000
969.0,2247.500000,1.023754081423462e-17,0.0000000000,0.000000
970.0,2247.500000,1.027658915218519e-17,0.0000000000,0.000000
971.0,2249.500000,1.031578642948801e-17,0.0000000000,0.000000
972.0,2251.500000,1.035513321423191e-17,0.0000000000,0.000000
973.0,2253.500000,1.039463007667277e-17,0.0000000000,0.000000
974.0,2255.500000,1.043427758924156e-17,0.0000000000,0.000000
975.0,2257.500000,1.047407632655240e-17,0.0000000000,0.000000
976.0,2259.500000,1.051402686541136e-17,0.0000000000,0.000000
977.0,2261.500000,1.055412978482459e-17,0.0000000000,0.000000
978.0,2263.500000,1.059438566600642e-17,0.0000000000,0.000000
979.0,2265.500000,1.063479509238844e-17,0.0000000000,0.000000
980.0,2267.500000,1.067535864962723e-17,0.0000000000,0.000000
981.0,2269.000000,1.071607692561344e-17,0.0000000000,0.000000
982.0,2269.500000,1.075695051048011e-17,0.0000000000,0.000000
983.0,2269.500000,1.079797999661087e-17,0.0000000000,0.000000
984.0,2269.500000,1.083916597864923e-17,0.0000000000,0.000000
985.0,2269.500000,1.088050905350643e-17,0.0000000000,0.000000
986.0,2269.500000,1.092200982037075e-17,0.0000000000,0.000000
987.0,2269.500000,1.096366888071591e-17,0.0000000000,0.000000
988.0,2270.000000,1.100548683830950e-17,0.0000000000,0.000000
989.0,2271.000000,1.104746429922231e-17,0.0000000000,0.000000
990.0,2272.000000,1.108960187183682e-17,0.0000000000,0.000000
991.0,2266.000000,1.113190016685574e-17,0.0000000000,0.000000
992.0,2265.000000,1.117435979731151e-17,0.0000000000,0.000000
993.0,2264.000000,1.121698137857446e-17,0.0000000000,0.000000
994.0,2263.000000,1.125976552836235e-17,0.0000000000,0.000000
995.0,2262.000000,1.130271286674905e-17,0.0000000000,0.000000
996.0,2261.000000,1.134582401617327e-17,0.0000000000,0.000000
997.0,2260.500000,1.138909960144822e-17,0.0000000000,0.000000
998.0,2260.500000,1.143254024976990e-17,0.0000000000,0.000000
999.0,2260.500000,1.147614659072688e-17,0.0000000000,0.000000
1000.0,2260.500000,1.151991925630911e-17,0.0000000000,0.000000
1001.0,2260.500000,1.156385888091682e-17,0.0000000000,0.000000
1002.0,2260.500000,1.160796610137028e-17,0.0000000000,0.000000
1003.0,2260.500000,1.165224155691872e-17,0.0000000000,0.000000
1004.0,2260.500000,1.169668588924935e-17,0.0000000000,0.000000
1005.0,2260.500000,1.174129974249719e-17,0.0000000000,0.000000
1006.0,2260.500000,1.178608376325415e-17,0.0000000000,0.000000
1007.0,2260.500000,1.183103860057810e-17,0.0000000000,0.000000
1008.0,2260.500000,1.187616490600296e-17,0.0000000000,0.000000
1009.0,2260.500000,1.192146333354735e-17,0.0000000000,0.000000
1010.0,2260.500000,1.196693453972475e-17,0.0000000000,0.000000
1011.0,2260.500000,1.201257918355277e-17,0.0000000000,0.000000
1012.0,2260.500000,1.205839792656233e-17,0.0000000000,0.000000
1013.0,2260.500000,1.210439143280800e-17,0.0000000000,0.000000
1014.0,2260.500000,1.215056036887681e-17,0.0000000000,0.000000
1015.0,2260.500000,1.219690540389860e-17,0.0000000000,0.000000
1016.0,2260.500000,1.224342720955542e-17,0.0000000000,0.000000
1017.0,2260.500000,1.229012646009097e-17,0.0000000000,0.000000
1018.0,2260.500000,1.233700383232099e-17,0.0000000000,0.000000
1019.0,2260.500000,1.238406000564272e-17,0.0000000000,0.000000
1020.0,2260.500000,1.243129566204451e-17,0.0000000000,0.000000
1021.0,2260.500000,1.247871148611634e-17,0.0000000000,0.000000
1022.0,2260.500000,1.252630816505900e-17,0.0000000000,0.000000
1023.0,2260.500000,1.257408638869471e-17,0.0000000000,0.000000
1024.0,2260.500000,1.262204684947683e-17,0.0000000000,0.000000
1025.0,2260.500000,1.267019024249959e-17,0.0000000000,0.000000
1026.0,2260.500000,1.271851726550879e-17,0.0000000000,0.000000
1027.0,2260.500000,1.276702861891158e-17,0.0000000000,0.000000
1028.0,2260.500000,1.281572500578631e-17,0.0000000000,0.000000
1029.0,2260.500000,1.286460713189347e-17,0.0000000000,0.000000
1030.0,2260.500000,1.291367570568503e-17,0.0000000000,0.000000
1031.0,2260.500000,1.296293143831552e-17,0.0000000000,0.000000
1032.0,2260.500000,1.301237504365194e-17,0.0000000000,0.000000
1033.0,2260.500000,1.306200723828383e-17,0.0000000000,0.000000
1034.0,2260.500000,1.311182874153431e-17,0.0000000000,0.000000
1035.0,2260.500000,1.316184027547013e-17,0.0000000000,0.000000
1036.0,2260.500000,1.321204256491189e-17,0.0000000000,0.000000
1037.0,2260.500000,1.326243633744520e-17,0.0000000000,0.000000
1038.0,2260.500000,1.331302232343047e-17,0.0000000000,0.000000
1039.0,2260.500000,1.336380125601415e-17,0.0000000000,0.000000
1040.0,2260.500000,1.341477387113913e-17,0.0000000000,0.000000
1041.0,2260.500000,1.346594090755498e-17,0.0000000000,0.000000
1042.0,2260.500000,1.351730310682949e-17,0.0000000000,0.000000
1043.0,2260.500000,1.356886121335854e-17,0.0000000000,0.000000
1044.0,2260.500000,1.362061597437760e-17,0.0000000000,0.000000
1045.0,2260.500000,1.367256813997229e-17,0.0000000000,0.000000
1046.0,2260.500000,1.372471846308890e-17,0.0000000000,0.000000
1047.0,2260.500000,1.377706769954595e-17,0.0000000000,0.000000
1048.0,2260.500000,1.382961660804484e-17,0.0000000000,0.000000
1049.0,2260.500000,1.388236595018049e-17,0.0000000000,0.000000
1050.0,2260.500000,1.393531649045316e-17,0.0000000000,0.000000
1051.0,2260.500000,1.398846899627866e-17,0.0000000000,0.000000
1052.0,2260.500000,1.404182423800021e-17,0.0000000000,0.000000
1053.0,2260.500000,1.409538298889932e-17,0.0000000000,0.000000
1054.0,2260.500000,1.414914602520663e-17,0.0000000000,0.000000
1055.0,2260.500000,1.420311412611395e-17,0.0000000000,0.000000
1056.0,2260.500000,1.425728807378464e-17,0.0000000000,0.000000
1057.0,2260.500000,1.431166865336579e-17,0.0000000000,0.000000
1058.0,2260.500000,1.436625665299919e-17,0.0000000000,0.000000
1059.0,2260.500000,1.442105286383246e-17,0.0000000000,0.000000
1060.0,2260.500000,1.447605808003115e-17,0.0000000000,0.000000
1061.0,2260.500000,1.453127309878999e-17,0.0000000000,0.000000
1062.0,2260.500000,1.458669872034400e-17,0.0000000000,0.000000
1063.0,2260.500000,1.464233574798086e-17,0.0000000000,0.000000
1064.0,2260.500000,1.469818498805218e-17,0.0000000000,0.000000
1065.0,2260.500000,1.475424724998479e-17,0.0000000000,0.000000
1066.0,2260.500000,1.481052334629337e-17,0.0000000000,0.000000
1067.0,2260.500000,1.486701409259123e-17,0.0000000000,0.000000
1068.0,2260.500000,1.492372030760295e-17,0.0000000000,0.000000
1069.0,2260.500000,1.498064281317597e-17,0.0000000000,0.000000
1070.0,2260.500000,1.503778243429204e-17,0.0000000000,0.000000
1071.0,2260.500000,1.509513999908008e-17,0.0000000000,0.000000
1072.0,2260.500000,1.515271633882718e-17,0.0000000000,0.000000
1073.0,2260.500000,1.521051228799155e-17,0.0000000000,0.000000
1074.0,2260.500000,1.526852868421418e-17,0.0000000000,0.000000
1075.0,2260.500000,1.532676636833068e-17,0.0000000000,0.000000
1076.0,2260.500000,1.538522618438414e-17,0.0000000000,0.000000
1077.0,2260.500000,1.544390897963705e-17,0.0000000000,0.000000
1078.0,2260.500000,1.550281560458317e-17,0.0000000000,0.000000
1079.0,2260.500000,1.556194691296073e-17,0.0000000000,0.000000
1080.0,2260.500000,1.562130376176383e-17,0.0000000000,0.000000
1081.0,2260.500000,1.568088701125571e-17,0.0000000000,0.000000
1082.0,2260.500000,1.574069752498085e-17,0.0000000000,0.000000
1083.0,2260.500000,1.580073616977712e-17,0.0000000000,0.000000
1084.0,2260.500000,1.586100381578920e-17,0.0000000000,0.000000
1085.0,2260.500000,1.592150133648021e-17,0.0000000000,0.000000
1086.0,2260.500000,1.598222960864523e-17,0.0000000000,0.000000
1087.0,2260.500000,1.604318951242364e-17,0.0000000000,0.000000
1088.0,2260.500000,1.610438193131149e-17,0.0000000000,0.000000
1089.0,2260.500000,1.616580775217508e-17,0.0000000000,0.000000
1090.0,2261.000000,1.622746786526342e-17,0.0000000000,0.000000
1091.0,2262.000000,1.628936316422074e-17,0.0000000000,0.000000
1092.0,2263.000000,1.635149454610022e-17,0.0000000000,0.000000
1093.0,2264.000000,1.641386291137664e-17,0.0000000000,0.000000
1094.0,2265.000000,1.647646916395895e-17,0.0000000000,0.000000
1095.0,2266.000000,1.653931421120440e-17,0.0000000000,0.000000
1096.0,2272.000000,1.660239896393054e-17,0.0000000000,0.000000
1097.0,2271.000000,1.666572433642940e-17,0.0000000000,0.000000
1098.0,2270.000000,1.672929124648034e-17,0.0000000000,0.000000
1099.0,2269.500000,1.679310061536293e-17,0.0000000000,0.000000
1100.0,2269.500000,1.685715336787125e-17,0.0000000000,0.000000
1101.0,2269.500000,1.692145043232621e-17,0.0000000000,0.000000
1102.0,2269.500000,1.698599274058998e-17,0.0000000000,0.000000
1103.0,2269.500000,1.705078122807905e-17,0.0000000000,0.000000
1104.0,2269.500000,1.711581683377739e-17,0.0000000000,0.000000
1105.0,2269.000000,1.718110050025090e-17,0.0000000000,0.000000
1106.0,2267.500000,1.724663317366062e-17,0.0000000000,0.000000
1107.0,2265.500000,1.731241580377606e-17,0.0000000000,0.000000
1108.0,2263.500000,1.737844934398995e-17,0.0000000000,0.000000
1109.0,2261.500000,1.744473475133088e-17,0.0000000000,0.000000
1110.0,2259.500000,1.751127298647821e-17,0.0000000000,0.000000
1111.0,2257.500000,1.757806501377556e-17,0.0000000000,0.000000
1112.0,2255.500000,1.764511180124435e-17,0.0000000000,0.000000
1113.0,2253.500000,1.771241432059880e-17,0.0000000000,0.000000
1114.0,2251.500000,1.777997354725893e-17,0.0000000000,0.000000
1115.0,2249.500000,1.784779046036566e-17,0.0000000000,0.000000
1116.0,2247.500000,1.791586604279457e-17,0.0000000000,0.000000
1117.0,2247.500000,1.798420128116973e-17,0.0000000000,0.000000
1118.0,2249.500000,1.805279716587885e-17,0.0000000000,0.000000
1119.0,2251.500000,1.812165469108721e-17,0.0000000000,0.000000
1120.0,2253.500000,1.819077485475163e-17,0.0000000000,0.000000
1121.0,2255.500000,1.826015865863580e-17,0.0000000000,0.000000
1122.0,2257.500000,1.832980710832437e-17,0.0000000000,0.000000
1123.0,2259.500000,1.839972121323709e-17,0.0000000000,0.000000
1124.0,2261.500000,1.846990198664443e-17,0.0000000000,0.000000
1125.0,2263.500000,1.854035044568115e-17,0.0000000000,0.000000
1126.0,2265.500000,1.861106761136202e-17,0.0000000000,0.000000
1127.0,2267.500000,1.868205450859622e-17,0.0000000000,0.000000
1128.0,2269.000000,1.875331216620167e-17,0.0000000000,0.000000
1129.0,2269.500000,1.882484161692110e-17,0.0000000000,0.000000
1130.0,2269.500000,1.889664389743571e-17,0.0000000000,0.000000
1131.0,2269.500000,1.896872004838132e-17,0.0000000000,0.000000
1132.0,2269.500000,1.904107111436296e-17,0.0000000000,0.000000
1133.0,2269.500000,1.911369814396959e-17,0.0000000000,0.000000
1134.0,2269.500000,1.918660218979015e-17,0.0000000000,0.000000
1135.0,2270.000000,1.925978430842844e-17,0.0000000000,0.000000
1136.0,2271.000000,1.933324556051790e-17,0.0000000000,0.000000
1137.0,2272.000000,1.940698701073809e-17,0.0000000000,0.000000
1138.0,2266.000000,1.948100972782888e-17,0.0000000000,0.000000
1139.0,2265.000000,1.955531478460706e-17,0.0000000000,0.000000
1140.0,2264.000000,1.962990325798135e-17,0.0000000000,0.000000
1141.0,2263.000000,1.970477622896758e-17,0.0000000000,0.000000
1142.0,2262.000000,1.977993478270549e-17,0.0000000000,0.000000
1143.0,2261.000000,1.985538000847312e-17,0.0000000000,0.000000
1144.0,2260.500000,1.993111299970377e-17,0.0000000000,0.000000
1145.0,2260.500000,2.000713485400133e-17,0.0000000000,0.000000
1146.0,2260.500000,2.008344667315573e-17,0.0000000000,0.000000
1147.0,2260.500000,2.016004956315986e-17,0.0000000000,0.000000
1148.0,2260.500000,2.023694463422512e-17,0.0000000000,0.000000
1149.0,2260.500000,2.031413300079705e-17,0.0000000000,0.000000
1150.0,2260.500000,2.039161578157238e-17,0.0000000000,0.000000
1151.0,2260.500000,2.046939409951486e-17,0.0000000000,0.000000
1152.0,2260.500000,2.054746908187097e-17,0.0000000000,0.000000
1153.0,2260.500000,2.062584186018740e-17,0.0000000000,0.000000
1154.0,2260.500000,2.070451357032620e-17,0.0000000000,0.000000
1155.0,2260.500000,2.078348535248233e-17,0.0000000000,0.000000
1156.0,2260.500000,2.086275835119973e-17,0.0000000000,0.000000
1157.0,2260.500000,2.094233371538738e-17,0.0000000000,0.000000
1158.0,2260.500000,2.102221259833715e-17,0.0000000000,0.000000
1159.0,2260.500000,2.110239615773915e-17,0.0000000000,0.000000
1160.0,2260.500000,2.118288555569969e-17,0.0000000000,0.000000
1161.0,2260.500000,2.126368195875762e-17,0.0000000000,0.000000
1162.0,2260.500000,2.134478653790074e-17,0.0000000000,0.000000
1163.0,2260.500000,2.142620046858375e-17,0.0000000000,0.000000
1164.0,2260.500000,2.150792493074486e-17,0.0000000000,0.000000
1165.0,2260.500000,2.158996110882226e-17,0.0000000000,0.000000
1166.0,2260.500000,2.167231019177258e-17,0.0000000000,0.000000
1167.0,2260.500000,2.175497337308671e-17,0.0000000000,0.000000
1168.0,2260.500000,2.183795185080830e-17,0.0000000000,0.000000
1169.0,2260.500000,2.192124682755065e-17,0.0000000000,0.000000
1170.0,2260.500000,2.200485951051351e-17,0.0000000000,0.000000
1171.0,2260.500000,2.208879111150195e-17,0.0000000000,0.000000
1172.0,2260.500000,2.217304284694237e-17,0.0000000000,0.000000
1173.0,2260.500000,2.225761593790148e-17,0.0000000000,0.000000
1174.0,2260.500000,2.234251161010339e-17,0.0000000000,0.000000
1175.0,2260.500000,2.242773109394689e-17,0.0000000000,0.000000
1176.0,2260.500000,2.251327562452431e-17,0.0000000000,0.000000
1177.0,2260.500000,2.259914644163893e-17,0.0000000000,0.000000
1178.0,2260.500000,2.268534478982236e-17,0.0000000000,0.000000
1179.0,2260.500000,2.277187191835370e-17,0.0000000000,0.000000
1180.0,2260.500000,2.285872908127709e-17,0.0000000000,0.000000
1181.0,2260.500000,2.294591753741932e-17,0.0000000000,0.000000
1182.0,2260.500000,2.303343855040939e-17,0.0000000000,0.000000
1183.0,2260.500000,2.312129338869530e-17,0.0000000000,0.000000
1184.0,2260.500000,2.320948332556380e-17,0.0000000000,0.000000
1185.0,2260.500000,2.329800963915822e-17,0.0000000000,0.000000
1186.0,2260.500000,2.338687361249648e-17,0.0000000000,0.000000
1187.0,2260.500000,2.347607653349096e-17,0.0000000000,0.000000
1188.0,2260.500000,2.356561969496569e-17,0.0000000000,0.000000
1189.0,2260.500000,2.365550439467640e-17,0.0000000000,0.000000
1190.0,2260.500000,2.374573193532875e-17,0.0000000000,0.000000
1191.0,2260.500000,2.383630362459665e-17,0.0000000000,0.000000
1192.0,2260.500000,2.392722077514235e-17,0.0000000000,0.000000
1193.0,2260.500000,2.401848470463492e-17,0.0000000000,0.000000
1194.0,2260.500000,2.411009673576872e-17,0.0000000000,0.000000
1195.0,2260.500000,2.420205819628394e-17,0.0000000000,0.000000
1196.0,2260.500000,2.429437041898431e-17,0.0000000000,0.000000
1197.0,2260.500000,2.438703474175778e-17,0.0000000000,0.000000
1198.0,2260.500000,2.448005250759529e-17,0.0000000000,0.000000
1199.0,2260.500000,2.457342506460968e-17,0.0000000000,0.000000
1200.0,2260.500000,2.466715376605658e-17,0.0000000000,0.000000
1201.0,2260.500000,2.476123997035247e-17,0.0000000000,0.000000
1202.0,2260.500000,2.485568504109574e-17,0.0000000000,0.000000
1203.0,2260.500000,2.495049034708584e-17,0.0000000000,0.000000
1204.0,2260.500000,2.504565726234255e-17,0.0000000000,0.000000
1205.0,2260.500000,2.514118716612708e-17,0.0000000000,0.000000
1206.0,2260.500000,2.523708144296147e-17,0.0000000000,0.000000
1207.0,2260.500000,2.533334148264800e-17,0.0000000000,0.000000
1208.0,2260.500000,2.542996868029085e-17,0.0000000000,0.000000
1209.0,2260.500000,2.552696443631457e-17,0.0000000000,0.000000
1210.0,2260.500000,2.562433015648589e-17,0.0000000000,0.000000
1211.0,2260.500000,2.572206725193350e-17,0.0000000000,0.000000
1212.0,2260.500000,2.582017713916776e-17,0.0000000000,0.000000
1213.0,2260.500000,2.591866124010261e-17,0.0000000000,0.000000
1214.0,2260.500000,2.601752098207548e-17,0.0000000000,0.000000
1215.0,2260.500000,2.611675779786736e-17,0.0000000000,0.000000
1216.0,2260.500000,2.621637312572505e-17,0.0000000000,0.000000
1217.0,2260.500000,2.631636840938029e-17,0.0000000000,0.000000
1218.0,2260.500000,2.641674509807220e-17,0.0000000000,0.000000
1219.0,2260.500000,2.651750464656763e-17,0.0000000000,0.000000
1220.0,2260.500000,2.661864851518158e-17,0.0000000000,0.000000
1221.0,2260.500000,2.672017816979970e-17,0.0000000000,0.000000
1222.0,2260.500000,2.682209508189887e-17,0.0000000000,0.000000
1223.0,2260.500000,2.692440072856784e-17,0.0000000000,0.000000
1224.0,2260.500000,2.702709659253022e-17,0.0000000000,0.000000
1225.0,2260.500000,2.713018416216416e-17,0.0000000000,0.000000
1226.0,2260.500000,2.723366493152552e-17,0.0000000000,0.000000
1227.0,2260.500000,2.733754040036882e-17,0.0000000000,0.000000
1228.0,2260.500000,2.744181207416832e-17,0.0000000000,0.000000
1229.0,2260.500000,2.754648146414139e-17,0.0000000000,0.000000
1230.0,2260.500000,2.765155008726866e-17,0.0000000000,0.000000
1231.0,2260.500000,2.775701946631752e-17,0.0000000000,0.000000
1232.0,2260.500000,2.786289112986357e-17,0.0000000000,0.000000
1233.0,2260.500000,2.796916661231205e-17,0.0000000000,0.000000
1234.0,2260.500000,2.807584745392147e-17,0.0000000000,0.000000
1235.0,2260.500000,2.818293520082523e-17,0.0000000000,0.000000
1236.0,2260.500000,2.829043140505336e-17,0.0000000000,0.000000
1237.0,2261.000000,2.839833762455638e-17,0.0000000000,0.000000
1238.0,2262.000000,2.850665542322718e-17,0.0000000000,0.000000
1239.0,2263.000000,2.861538637092302e-17,0.0000000000,0.000000
1240.0,2264.000000,2.872453204348988e-17,0.0000000000,0.000000
1241.0,2265.000000,2.883409402278343e-17,0.0000000000,0.000000
1242.0,2266.000000,2.894407389669364e-17,0.0000000000,0.000000
1243.0,2272.000000,2.905447325916702e-17,0.0000000000,0.000000
1244.0,2271.000000,2.916529371022908e-17,0.0000000000,0.000000
1245.0,2270.000000,2.927653685600912e-17,0.0000000000,0.000000
1246.0,2269.500000,2.938820430876165e-17,0.0000000000,0.000000
1247.0,2269.500000,2.950029768689142e-17,0.0000000000,0.000000
1248.0,2269.500000,2.961281861497611e-17,0.0000000000,0.000000
1249.0,2269.500000,2.972576872378922e-17,0.0000000000,0.000000
1250.0,2269.500000,2.983914965032511e-17,0.0000000000,0.000000
1251.0,2269.500000,2.995296303782203e-17,0.0000000000,0.000000
1252.0,2269.000000,3.006721053578515e-17,0.0000000000,0.000000
1253.0,2267.500000,3.018189380001227e-17,0.0000000000,0.000000
1254.0,2265.500000,3.029701449261575e-17,0.0000000000,0.000000
1255.0,2263.500000,3.041257428204838e-17,0.0000000000,0.000000
1256.0,2261.500000,3.052857484312683e-17,0.0000000000,0.000000
1257.0,2259.500000,3.064501785705514e-17,0.0000000000,0.000000
1258.0,2257.500000,3.076190501145087e-17,0.0000000000,0.000000
1259.0,2255.500000,3.087923800036753e-17,0.0000000000,0.000000
1260.0,2253.500000,3.099701852432088e-17,0.0000000000,0.000000
1261.0,2251.500000,3.111524829031286e-17,0.0000000000,0.000000
1262.0,2249.500000,3.123392901185554e-17,0.0000000000,0.000000
1263.0,2247.500000,3.135306240899747e-17,0.0000000000,0.000000
1264.0,2247.500000,3.147265020834789e-17,0.0000000000,0.000000
1265.0,2249.500000,3.159269414310093e-17,0.0000000000,0.000000
1266.0,2251.500000,3.171319595306231e-17,0.0000000000,0.000000
1267.0,2253.500000,3.183415738467376e-17,0.0000000000,0.000000
1268.0,2255.500000,3.195558019103756e-17,0.0000000000,0.000000
1269.0,2257.500000,3.207746613194378e-17,0.0000000000,0.000000
1270.0,2259.500000,3.219981697389367e-17,0.0000000000,0.000000
1271.0,2261.500000,3.232263449012714e-17,0.0000000000,0.000000
1272.0,2263.500000,3.244592046064761e-17,0.0000000000,0.000000
1273.0,2265.500000,3.256967667224708e-17,0.0000000000,0.000000
1274.0,2267.500000,3.269390491853383e-17,0.0000000000,0.000000
1275.0,2269.000000,3.281860699995631e-17,0.0000000000,0.000000
1276.0,2269.500000,3.294378472383110e-17,0.0000000000,0.000000
1277.0,2269.500000,3.306943990436831e-17,0.0000000000,0.000000
1278.0,2269.500000,3.319557436269704e-17,0.0000000000,0.000000
1279.0,2269.500000,3.332218992689342e-17,0.0000000000,0.000000
1280.0,2269.500000,3.344928843200629e-17,0.0000000000,0.000000
1281.0,2269.500000,3.357687172008294e-17,0.0000000000,0.000000
1282.0,2270.000000,3.370494164019778e-17,0.0000000000,0.000000
1283.0,2271.000000,3.383350004847691e-17,0.0000000000,0.000000
1284.0,2272.000000,3.396254880812694e-17,0.0000000000,0.000000
1285.0,2266.000000,3.409208978946117e-17,0.0000000000,0.000000
1286.0,2265.000000,3.422212486992591e-17,0.0000000000,0.000000
1287.0,2264.000000,3.435265593412954e-17,0.0000000000,0.000000
1288.0,2263.000000,3.448368487386773e-17,0.0000000000,0.000000
1289.0,2262.000000,3.461521358815264e-17,0.0000000000,0.000000
1290.0,2261.000000,3.474724398323979e-17,0.0000000000,0.000000
1291.0,2260.500000,3.487977797265469e-17,0.0000000000,0.000000
1292.0,2260.500000,3.501281747722236e-17,0.0000000000,0.000000
1293.0,2260.500000,3.514636442509425e-17,0.0000000000,0.000000
1294.0,2260.500000,3.528042075177543e-17,0.0000000000,0.000000
1295.0,2260.500000,3.541498840015423e-17,0.0000000000,0.000000
1296.0,2260.500000,3.555006932052965e-17,0.0000000000,0.000000
1297.0,2260.500000,3.568566547063866e-17,0.0000000000,0.000000
1298.0,2260.500000,3.582177881568671e-17,0.0000000000,0.000000
1299.0,2260.500000,3.595841132837379e-17,0.0000000000,0.000000
1300.0,2260.500000,3.609556498892542e-17,0.0000000000,0.000000
1301.0,2260.500000,3.623324178511893e-17,0.0000000000,0.000000
1302.0,2260.500000,3.637144371231445e-17,0.0000000000,0.000000
1303.0,2260.500000,3.651017277348282e-17,0.0000000000,0.000000
1304.0,2260.500000,3.664943097923378e-17,0.0000000000,0.000000
1305.0,2260.500000,3.678922034784692e-17,0.0000000000,0.000000
1306.0,2260.500000,3.692954290530001e-17,0.0000000000,0.000000
1307.0,2260.500000,3.707040068529743e-17,0.0000000000,0.000000
1308.0,2260.500000,3.721179572930153e-17,0.0000000000,0.000000
1309.0,2260.500000,3.735373008656124e-17,0.0000000000,0.000000
1310.0,2260.500000,3.749620581414088e-17,0.0000000000,0.000000
1311.0,2260.500000,3.763922497695212e-17,0.0000000000,0.000000
1312.0,2260.500000,3.778278964778146e-17,0.0000000000,0.000000
1313.0,2260.500000,3.792690190732238e-17,0.0000000000,0.000000
1314.0,2260.500000,3.807156384420464e-17,0.0000000000,0.000000
1315.0,2260.500000,3.821677755502356e-17,0.0000000000,0.000000
1316.0,2260.500000,3.836254514437260e-17,0.0000000000,0.000000
1317.0,2260.500000,3.850886872487140e-17,0.0000000000,0.000000
1318.0,2260.500000,3.865575041719853e-17,0.0000000000,0.000000
1319.0,2260.500000,3.880319235012133e-17,0.0000000000,0.000000
1320.0,2260.500000,3.895119666052580e-17,0.0000000000,0.000000
1321.0,2260.500000,3.909976549344947e-17,0.0000000000,0.000000
1322.0,2260.500000,3.924890100211153e-17,0.0000000000,0.000000
1323.0,2260.500000,3.939860534794308e-17,0.0000000000,0.000000
1324.0,2260.500000,3.954888070062073e-17,0.0000000000,0.000000
1325.0,2260.500000,3.969972923809539e-17,0.0000000000,0.000000
1326.0,2260.500000,3.985115314662621e-17,0.0000000000,0.000000
1327.0,2260.500000,4.000315462081120e-17,0.0000000000,0.000000
1328.0,2260.500000,4.015573586361810e-17,0.0000000000,0.000000
1329.0,2260.500000,4.030889908641825e-17,0.0000000000,0.000000
1330.0,2260.500000,4.046264650901770e-17,0.0000000000,0.000000
1331.0,2260.500000,4.061698035968832e-17,0.0000000000,0.000000
1332.0,2260.500000,4.077190287520248e-17,0.0000000000,0.000000
1333.0,2260.500000,4.092741630086277e-17,0.0000000000,0.000000
1334.0,2260.500000,4.108352289053688e-17,0.0000000000,0.000000
1335.0,2260.500000,4.124022490668928e-17,0.0000000000,0.000000
1336.0,2260.500000,4.139752462041298e-17,0.0000000000,0.000000
1337.0,2260.500000,4.155542431146449e-17,0.0000000000,0.000000
1338.0,2260.500000,4.171392626829582e-17,0.0000000000,0.000000
1339.0,2260.500000,4.187303278808665e-17,0.0000000000,0.000000
1340.0,2260.500000,4.203274617678000e-17,0.0000000000,0.000000
1341.0,2260.500000,4.219306874911292e-17,0.0000000000,0.000000
1342.0,2260.500000,4.235400282865242e-17,0.0000000000,0.000000
1343.0,2260.500000,4.251555074782814e-17,0.0000000000,0.000000
1344.0,2260.500000,4.267771484796510e-17,0.0000000000,0.000000
1345.0,2260.500000,4.284049747932005e-17,0.0000000000,0.000000
1346.0,2260.500000,4.300390100111280e-17,0.0000000000,0.000000
1347.0,2260.500000,4.316792778156279e-17,0.0000000000,0.000000
1348.0,2260.500000,4.333258019792239e-17,0.0000000000,0.000000
1349.0,2260.500000,4.349786063651033e-17,0.0000000000,0.000000
1350.0,2260.500000,4.366377149274833e-17,0.0000000000,0.000000
1351.0,2260.500000,4.383031517119483e-17,0.0000000000,0.000000
1352.0,2260.500000,4.399749408557874e-17,0.0000000000,0.000000
1353.0,2260.500000,4.416531065883655e-17,0.0000000000,0.000000
1354.0,2260.500000,4.433376732314639e-17,0.0000000000,0.000000
1355.0,2260.500000,4.450286651996220e-17,0.0000000000,0.000000
1356.0,2260.500000,4.467261070005162e-17,0.0000000000,0.000000
1357.0,2260.500000,4.484300232352864e-17,0.0000000000,0.000000
1358.0,2260.500000,4.501404385989180e-17,0.0000000000,0.000000
1359.0,2260.500000,4.518573778805886e-17,0.0000000000,0.000000
1360.0,2260.500000,4.535808659640163e-17,0.0000000000,0.000000
1361.0,2260.500000,4.553109278278466e-17,0.0000000000,0.000000
1362.0,2260.500000,4.570475885459838e-17,0.0000000000,0.000000
1363.0,2260.500000,4.587908732879817e-17,0.0000000000,0.000000
1364.0,2260.500000,4.605408073193962e-17,0.0000000000,0.000000
1365.0,2260.500000,4.622974160021406e-17,0.0000000000,0.000000
1366.0,2260.500000,4.640607247948759e-17,0.0000000000,0.000000
1367.0,2260.500000,4.658307592533680e-17,0.0000000000,0.000000
1368.0,2260.500000,4.676075450308472e-17,0.0000000000,0.000000
1369.0,2260.500000,4.693911078784064e-17,0.0000000000,0.000000
1370.0,2260.500000,4.711814736453435e-17,0.0000000000,0.000000
1371.0,2260.500000,4.729786682795634e-17,0.0000000000,0.000000
1372.0,2260.500000,4.747827178279423e-17,0.0000000000,0.000000
1373.0,2260.500000,4.765936484366932e-17,0.0000000000,0.000000
1374.0,2260.500000,4.784114863517728e-17,0.0000000000,0.000000
1375.0,2260.500000,4.802362579192299e-17,0.0000000000,0.000000
1376.0,2260.500000,4.820679895856153e-17,0.0000000000,0.000000
1377.0,2260.500000,4.839067078983528e-17,0.0000000000,0.000000
1378.0,2260.500000,4.857524395061123e-17,0.0000000000,0.000000
1379.0,2260.500000,4.876052111592201e-17,0.0000000000,0.000000
1380.0,2260.500000,4.894650497100340e-17,0.0000000000,0.000000
1381.0,2260.500000,4.913319821133211e-17,0.0000000000,0.000000
1382.0,2260.500000,4.932060354266762e-17,0.0000000000,0.000000
1383.0,2260.500000,4.950872368108820e-17,0.0000000000,0.000000
1384.0,2261.000000,4.969756135303304e-17,0.0000000000,0.000000
1385.0,2262.000000,4.988711929534065e-17,0.0000000000,0.000000
1386.0,2263.000000,5.007740025528722e-17,0.0000000000,0.000000
1387.0,2264.000000,5.026840699062933e-17,0.0000000000,0.000000
1388.0,2265.000000,5.046014226964062e-17,0.0000000000,0.000000
1389.0,2266.000000,5.065260887115482e-17,0.0000000000,0.000000
1390.0,2272.000000,5.084580958460477e-17,0.0000000000,0.000000
1391.0,2271.000000,5.103974721006158e-17,0.0000000000,0.000000
1392.0,2270.000000,5.123442455827776e-17,0.0000000000,0.000000
1393.0,2269.500000,5.142984445072664e-17,0.0000000000,0.000000
1394.0,2269.500000,5.162600971964208e-17,0.0000000000,0.000000
1395.0,2269.500000,5.182292320806196e-17,0.0000000000,0.000000
1396.0,2269.500000,5.202058776986819e-17,0.0000000000,0.000000
1397.0,2269.500000,5.221900626982676e-17,0.0000000000,0.000000
1398.0,2269.500000,5.241818158363222e-17,0.0000000000,0.000000
1399.0,2269.000000,5.261811659794600e-17,0.0000000000,0.000000
1400.0,2267.500000,5.281881421044119e-17,0.0000000000,0.000000
1401.0,2265.500000,5.302027732984329e-17,0.0000000000,0.000000
1402.0,2263.500000,5.322250887597104e-17,0.0000000000,0.000000
1403.0,2261.500000,5.342551177978177e-17,0.0000000000,0.000000
1404.0,2259.500000,5.362928898341042e-17,0.0000000000,0.000000
1405.0,2257.500000,5.383384344021524e-17,0.0000000000,0.000000
1406.0,2255.500000,5.403917811481923e-17,0.0000000000,0.000000
1407.0,2253.500000,5.424529598315187e-17,0.0000000000,0.000000
1408.0,2251.500000,5.445220003249480e-17,0.0000000000,0.000000
1409.0,2249.500000,5.465989326152388e-17,0.0000000000,0.000000
1410.0,2247.500000,5.486837868035124e-17,0.0000000000,0.000000
1411.0,2247.500000,5.507765931057210e-17,0.0000000000,0.000000
1412.0,2249.500000,5.528773818530489e-17,0.0000000000,0.000000
1413.0,2251.500000,5.549861834923845e-17,0.0000000000,0.000000
1414.0,2253.500000,5.571030285867474e-17,0.0000000000,0.000000
1415.0,2255.500000,5.592279478157183e-17,0.0000000000,0.000000
1416.0,2257.500000,5.613609719759100e-17,0.0000000000,0.000000
1417.0,2259.500000,5.635021319814009e-17,0.0000000000,0.000000
1418.0,2261.500000,5.656514588641697e-17,0.0000000000,0.000000
1419.0,2263.500000,5.678089837745755e-17,0.0000000000,0.000000
1420.0,2265.500000,5.699747379817742e-17,0.0000000000,0.000000
1421.0,2267.500000,5.721487528742036e-17,0.0000000000,0.000000
1422.0,2269.000000,5.743310599600235e-17,0.0000000000,0.000000
1423.0,2270.000000,5.765216908675598e-17,0.0000000000,0.000000
1424.0,2270.500000,5.787206773457898e-17,0.0000000000,0.000000
1425.0,2270.500000,5.809280512647888e-17,0.0000000000,0.000000
1426.0,2270.500000,5.831438446161776e-17,0.0000000000,0.000000
1427.0,2270.500000,5.853680895136195e-17,0.0000000000,0.000000
1428.0,2271.000000,5.876008181932478e-17,0.0000000000,0.000000
1429.0,2271.000000,5.898420630141657e-17,0.0000000000,0.000000
1430.0,2271.000000,5.920918564589021e-17,0.0000000000,0.000000
1431.0,2272.000000,5.943502311338670e-17,0.0000000000,0.000000
1432.0,2269.000000,5.966172197698579e-17,0.0000000000,0.000000
1433.0,2268.000000,5.988928552224960e-17,0.0000000000,0.000000
1434.0,2267.000000,6.011771704727358e-17,0.0000000000,0.000000
1435.0,2266.500000,6.034701986273289e-17,0.0000000000,0.000000
1436.0,2266.000000,6.057719729192889e-17,0.0000000000,0.000000
1437.0,2265.000000,6.080825267084026e-17,0.0000000000,0.000000
1438.0,2264.500000,6.104018934816983e-17,0.0000000000,0.000000
1439.0,2264.500000,6.127301068539175e-17,0.0000000000,0.000000
1440.0,2264.500000,6.150672005680301e-17,0.0000000000,0.000000
1441.0,2264.500000,6.174132084957101e-17,0.0000000000,0.000000
1442.0,2265.000000,6.197681646378105e-17,0.0000000000,0.000000
1443.0,2265.500000,6.221321031248916e-17,0.0000000000,0.000000
1444.0,2265.500000,6.245050582176751e-17,0.0000000000,0.000000
1445.0,2265.500000,6.268870643075820e-17,0.0000000000,0.000000
1446.0,2265.500000,6.292781559171885e-17,0.0000000000,0.000000
1447.0,2265.500000,6.316783677007644e-17,0.0000000000,0.000000
1448.0,2265.500000,6.340877344447581e-17,0.0000000000,0.000000
1449.0,2265.500000,6.365062910682865e-17,0.0000000000,0.000000
1450.0,2266.500000,6.389340726236712e-17,0.0000000000,0.000000
1451.0,2266.500000,6.413711142969318e-17,0.0000000000,0.000000
1452.0,2266.500000,6.438174514082795e-17,0.0000000000,0.000000
1453.0,2266.500000,6.462731194126607e-17,0.0000000000,0.000000
1454.0,2266.500000,6.487381539002555e-17,0.0000000000,0.000000
1455.0,2266.500000,6.512125905969769e-17,0.0000000000,0.000000
1456.0,2266.500000,6.536964653650260e-17,0.0000000000,0.000000
1457.0,2267.500000,6.561898142033694e-17,0.0000000000,0.000000
1458.0,2267.500000,6.586926732482981e-17,0.0000000000,0.000000
1459.0,2267.500000,6.612050787739352e-17,0.0000000000,0.000000
1460.0,2267.500000,6.637270671927453e-17,0.0000000000,0.000000
1461.0,2267.500000,6.662586750561007e-17,0.0000000000,0.000000
1462.0,2267.500000,6.687999390547667e-17,0.0000000000,0.000000
1463.0,2267.500000,6.713508960194724e-17,0.0000000000,0.000000
1464.0,2268.000000,6.739115829214274e-17,0.0000000000,0.000000
1465.0,2268.500000,6.764820368728420e-17,0.0000000000,0.000000
1466.0,2268.500000,6.790622951274974e-17,0.0000000000,0.000000
1467.0,2268.500000,6.816523950812690e-17,0.0000000000,0.000000
1468.0,2268.500000,6.842523742726523e-17,0.0000000000,0.000000
1469.0,2268.500000,6.868622703833455e-17,0.0000000000,0.000000
1470.0,2268.500000,6.894821212387512e-17,0.0000000000,0.000000
1471.0,2268.500000,6.921119648085635e-17,0.0000000000,0.000000
1472.0,2269.500000,6.947518392073016e-17,0.0000000000,0.000000
1473.0,2269.500000,6.974017826948454e-17,0.0000000000,0.000000
1474.0,2269.500000,7.000618336770295e-17,0.0000000000,0.000000
1475.0,2269.500000,7.027320307061546e-17,0.0000000000,0.000000
1476.0,2269.500000,7.054124124815852e-17,0.0000000000,0.000000
1477.0,2269.500000,7.081030178502951e-17,0.0000000000,0.000000
1478.0,2269.500000,7.108038858074113e-17,0.0000000000,0.000000
1479.0,2270.500000,7.135150554968149e-17,0.0000000000,0.000000
1480.0,2270.500000,7.162365662116907e-17,0.0000000000,0.000000
1481.0,2270.500000,7.189684573950793e-17,0.0000000000,0.000000
1482.0,2270.500000,7.217107686404836e-17,0.0000000000,0.000000
1483.0,2270.500000,7.244635396924254e-17,0.0000000000,0.000000
1484.0,2270.500000,7.272268104470035e-17,0.0000000000,0.000000
1485.0,2270.500000,7.300006209525134e-17,0.0000000000,0.000000
1486.0,2270.500000,7.327850114099798e-17,0.0000000000,0.000000
1487.0,2270.500000,7.355800221737818e-17,0.0000000000,0.000000
1488.0,2270.500000,7.383856937522191e-17,0.0000000000,0.000000
1489.0,2270.500000,7.412020668080814e-17,0.0000000000,0.000000
1490.0,2270.500000,7.440291821592798e-17,0.0000000000,0.000000
1491.0,2270.500000,7.468670807793902e-17,0.0000000000,0.000000
1492.0,2270.500000,7.497158037982892e-17,0.0000000000,0.000000
1493.0,2270.500000,7.525753925027323e-17,0.0000000000,0.000000
1494.0,2270.500000,7.554458883369337e-17,0.0000000000,0.000000
1495.0,2270.500000,7.583273329032041e-17,0.0000000000,0.000000
1496.0,2270.500000,7.612197679625348e-17,0.0000000000,0.000000
1497.0,2270.500000,7.641232354351845e-17,0.0000000000,0.000000
1498.0,2270.500000,7.670377774013305e-17,0.0000000000,0.000000
1499.0,2270.500000,7.699634361016283e-17,0.0000000000,0.000000
1500.0,2270.500000,7.729002539378681e-17,0.0000000000,0.000000
1501.0,2270.500000,7.758482734735701e-17,0.0000000000,0.000000
1502.0,2270.500000,7.788075374345828e-17,0.0000000000,0.000000
1503.0,2270.500000,7.817780887097396e-17,0.0000000000,0.000000
1504.0,2270.500000,7.847599703514623e-17,0.0000000000,0.000000
1505.0,2270.500000,7.877532255763649e-17,0.0000000000,0.000000
1506.0,2270.500000,7.907578977659255e-17,0.0000000000,0.000000
1507.0,2270.500000,7.937740304670631e-17,0.0000000000,0.000000
1508.0,2270.500000,7.968016673928144e-17,0.0000000000,0.000000
1509.0,2270.500000,7.998408524229474e-17,0.0000000000,0.000000
1510.0,2270.500000,8.028916296045782e-17,0.0000000000,0.000000
1511.0,2270.500000,8.059540431528485e-17,0.0000000000,0.000000
1512.0,2270.500000,8.090281374515465e-17,0.0000000000,0.000000
1513.0,2270.500000,8.121139570537308e-17,0.0000000000,0.000000
1514.0,2270.500000,8.152115466824219e-17,0.0000000000,0.000000
1515.0,2270.500000,8.183209512311978e-17,0.0000000000,0.000000
1516.0,2270.500000,8.214422157648910e-17,0.0000000000,0.000000
1517.0,2270.500000,8.245753855202213e-17,0.0000000000,0.000000
1518.0,2270.500000,8.277205059064320e-17,0.0000000000,0.000000
1519.0,2270.500000,8.308776225059945e-17,0.0000000000,0.000000
1520.0,2270.500000,8.340467810752152e-17,0.0000000000,0.000000
1521.0,2270.500000,8.372280275449460e-17,0.0000000000,0.000000
1522.0,2270.500000,8.404214080212295e-17,0.0000000000,0.000000
1523.0,2270.500000,8.436269687859470e-17,0.0000000000,0.000000
1524.0,2270.500000,8.468447562975302e-17,0.0000000000,0.000000
1525.0,2270.500000,8.500748171916138e-17,0.0000000000,0.000000
1526.0,2270.500000,8.533171982816907e-17,0.0000000000,0.000000
1527.0,2270.500000,8.565719465598324e-17,0.0000000000,0.000000
1528.0,2270.500000,8.598391091973487e-17,0.0000000000,0.000000
1529.0,2270.500000,8.631187335454509e-17,0.0000000000,0.000000
1530.0,2270.500000,8.664108671359865e-17,0.0000000000,0.000000
1531.0,2271.000000,8.697155576820725e-17,0.0000000000,0.000000
1532.0,2272.000000,8.730328530788428e-17,0.0000000000,0.000000
1533.0,2273.000000,8.763628014040862e-17,0.0000000000,0.000000
1534.0,2274.000000,8.797054509189924e-17,0.0000000000,0.000000
1535.0,2275.000000,8.830608500688305e-17,0.0000000000,0.000000
1536.0,2276.000000,8.864290474836294e-17,0.0000000000,0.000000
1537.0,2282.000000,8.898100919789259e-17,0.0000000000,0.000000
1538.0,2281.000000,8.932040325564503e-17,0.0000000000,0.000000
1539.0,2280.000000,8.966109184048153e-17,0.0000000000,0.000000
1540.0,2279.500000,9.000307989002718e-17,0.0000000000,0.000000
1541.0,2279.500000,9.034637236074032e-17,0.0000000000,0.000000
1542.0,2279.500000,9.069097422798218e-17,0.0000000000,0.000000
1543.0,2279.500000,9.103689048609411e-17,0.0000000000,0.000000
1544.0,2279.500000,9.138412614846403e-17,0.0000000000,0.000000
1545.0,2279.500000,9.173268624760434e-17,0.0000000000,0.000000
1546.0,2279.000000,9.208257583522258e-17,0.0000000000,0.000000
1547.0,2277.500000,9.243379998229246e-17,0.0000000000,0.000000
1548.0,2275.500000,9.278636377913251e-17,0.0000000000,0.000000
1549.0,2273.500000,9.314027233547391e-17,0.0000000000,0.000000
1550.0,2271.500000,9.349553078053979e-17,0.0000000000,0.000000
1551.0,2269.500000,9.385214426311734e-17,0.0000000000,0.000000
1552.0,2267.500000,9.421011795163013e-17,0.0000000000,0.000000
1553.0,2265.500000,9.456945703421752e-17,0.0000000000,0.000000
1554.0,2263.500000,9.493016671880771e-17,0.0000000000,0.000000
1555.0,2261.500000,9.529225223319078e-17,0.0000000000,0.000000
1556.0,2259.500000,9.565571882509991e-17,0.0000000000,0.000000
1557.0,2257.500000,9.602057176228121e-17,0.0000000000,0.000000
1558.0,2257.500000,9.638681633257556e-17,0.0000000000,0.000000
1559.0,2259.500000,9.675445784399290e-17,0.0000000000,0.000000
1560.0,2261.500000,9.712350162478672e-17,0.0000000000,0.000000
1561.0,2263.500000,9.749395302353691e-17,0.0000000000,0.000000
1562.0,2265.500000,9.786581740922087e-17,0.0000000000,0.000000
1563.0,2267.500000,9.823910017129693e-17,0.0000000000,0.000000
1564.0,2269.500000,9.861380671978004e-17,0.0000000000,0.000000
1565.0,2271.500000,9.898994248531776e-17,0.0000000000,0.000000
1566.0,2273.500000,9.936751291927388e-17,0.0000000000,0.000000
1567.0,2275.500000,9.974652349380488e-17,0.0000000000,0.000000
1568.0,2277.500000,1.001269797019369e-16,0.0000000000,0.000000
1569.0,2279.000000,1.005088870576505e-16,0.0000000000,0.000000
1570.0,2279.500000,1.008922510959565e-16,0.0000000000,0.000000
1571.0,2279.500000,1.012770773729771e-16,0.0000000000,0.000000
1572.0,2279.500000,1.016633714660288e-16,0.0000000000,0.000000
1573.0,2279.500000,1.020511389736982e-16,0.0000000000,0.000000
1574.0,2279.500000,1.024403855159292e-16,0.0000000000,0.000000
1575.0,2279.500000,1.028311167340998e-16,0.0000000000,0.000000
1576.0,2280.000000,1.032233382911054e-16,0.0000000000,0.000000
1577.0,2281.000000,1.036170558714423e-16,0.0000000000,0.000000
1578.0,2282.000000,1.040122751812876e-16,0.0000000000,0.000000
1579.0,2276.000000,1.044090019485831e-16,0.0000000000,0.000000
1580.0,2275.000000,1.048072419231197e-16,0.0000000000,0.000000
1581.0,2274.000000,1.052070008766167e-16,0.0000000000,0.000000
1582.0,2273.000000,1.056082846028108e-16,0.0000000000,0.000000
1583.0,2272.000000,1.060110989175357e-16,0.0000000000,0.000000
1584.0,2271.000000,1.064154496588082e-16,0.0000000000,0.000000
1585.0,2270.500000,1.068213426869137e-16,0.0000000000,0.000000
1586.0,2270.500000,1.072287838844889e-16,0.0000000000,0.000000
1587.0,2270.500000,1.076377791566082e-16,0.0000000000,0.000000
1588.0,2270.500000,1.080483344308710e-16,0.0000000000,0.000000
1589.0,2270.500000,1.084604556574830e-16,0.0000000000,0.000000
1590.0,2270.500000,1.088741488093483e-16,0.0000000000,0.000000
1591.0,2270.500000,1.092894198821513e-16,0.0000000000,0.000000
1592.0,2270.500000,1.097062748944455e-16,0.0000000000,0.000000
1593.0,2270.500000,1.101247198877416e-16,0.0000000000,0.000000
1594.0,2270.500000,1.105447609265928e-16,0.0000000000,0.000000
1595.0,2270.500000,1.109664040986844e-16,0.0000000000,0.000000
1596.0,2270.500000,1.113896555149214e-16,0.0000000000,0.000000
1597.0,2270.500000,1.118145213095170e-16,0.0000000000,0.000000
1598.0,2270.500000,1.122410076400827e-16,0.0000000000,0.000000
1599.0,2270.500000,1.126691206877155e-16,0.0000000000,0.000000
1600.0,2270.500000,1.130988666570883e-16,0.0000000000,0.000000
1601.0,2270.500000,1.135302517765416e-16,0.0000000000,0.000000
1602.0,2270.500000,1.139632822981708e-16,0.0000000000,0.000000
1603.0,2270.500000,1.143979644979187e-16,0.0000000000,0.000000
1604.0,2270.500000,1.148343046756658e-16,0.0000000000,0.000000
1605.0,2270.500000,1.152723091553216e-16,0.0000000000,0.000000
1606.0,2270.500000,1.157119842849177e-16,0.0000000000,0.000000
1607.0,2270.500000,1.161533364366972e-16,0.0000000000,0.000000
1608.0,2270.500000,1.165963720072085e-16,0.0000000000,0.000000
1609.0,2270.500000,1.170410974173989e-16,0.0000000000,0.000000
1610.0,2270.500000,1.174875191127059e-16,0.0000000000,0.000000
1611.0,2270.500000,1.179356435631514e-16,0.0000000000,0.000000
1612.0,2270.500000,1.183854772634355e-16,0.0000000000,0.000000
1613.0,2270.500000,1.188370267330302e-16,0.0000000000,0.000000
1614.0,2270.500000,1.192902985162757e-16,0.0000000000,0.000000
1615.0,2270.500000,1.197452991824724e-16,0.0000000000,0.000000
1616.0,2270.500000,1.202020353259779e-16,0.0000000000,0.000000
1617.0,2270.500000,1.206605135663024e-16,0.0000000000,0.000000
1618.0,2270.500000,1.211207405482036e-16,0.0000000000,0.000000
1619.0,2270.500000,1.215827229417857e-16,0.0000000000,0.000000
1620.0,2270.500000,1.220464674425925e-16,0.0000000000,0.000000
1621.0,2270.500000,1.225119807717062e-16,0.0000000000,0.000000
1622.0,2270.500000,1.229792696758461e-16,0.0000000000,0.000000
1623.0,2270.500000,1.234483409274640e-16,0.0000000000,0.000000
1624.0,2270.500000,1.239192013248433e-16,0.0000000000,0.000000
1625.0,2270.500000,1.243918576921981e-16,0.0000000000,0.000000
1626.0,2270.500000,1.248663168797708e-16,0.0000000000,0.000000
1627.0,2270.500000,1.253425857639338e-16,0.0000000000,0.000000
1628.0,2270.500000,1.258206712472862e-16,0.0000000000,0.000000
1629.0,2270.500000,1.263005802587551e-16,0.0000000000,0.000000
1630.0,2270.500000,1.267823197536975e-16,0.0000000000,0.000000
1631.0,2270.500000,1.272658967139985e-16,0.0000000000,0.000000
1632.0,2270.500000,1.277513181481739e-16,0.0000000000,0.000000
1633.0,2270.500000,1.282385910914720e-16,0.0000000000,0.000000
1634.0,2270.500000,1.287277226059742e-16,0.0000000000,0.000000
1635.0,2270.500000,1.292187197807001e-16,0.0000000000,0.000000
1636.0,2270.500000,1.297115897317069e-16,0.0000000000,0.000000
1637.0,2270.500000,1.302063396021945e-16,0.0000000000,0.000000
1638.0,2270.500000,1.307029765626088e-16,0.0000000000,0.000000
1639.0,2270.500000,1.312015078107446e-16,0.0000000000,0.000000
1640.0,2270.500000,1.317019405718526e-16,0.0000000000,0.000000
1641.0,2270.500000,1.322042820987406e-16,0.0000000000,0.000000
1642.0,2270.500000,1.327085396718803e-16,0.0000000000,0.000000
1643.0,2270.500000,1.332147205995142e-16,0.0000000000,0.000000
1644.0,2270.500000,1.337228322177588e-16,0.0000000000,0.000000
1645.0,2270.500000,1.342328818907126e-16,0.0000000000,0.000000
1646.0,2270.500000,1.347448770105626e-16,0.0000000000,0.000000
1647.0,2270.500000,1.352588249976905e-16,0.0000000000,0.000000
1648.0,2270.500000,1.357747333007831e-16,0.0000000000,0.000000
1649.0,2270.500000,1.362926093969360e-16,0.0000000000,0.000000
1650.0,2270.500000,1.368124607917648e-16,0.0000000000,0.000000
1651.0,2270.500000,1.373342950195144e-16,0.0000000000,0.000000
1652.0,2270.500000,1.378581196431657e-16,0.0000000000,0.000000
1653.0,2270.500000,1.383839422545468e-16,0.0000000000,0.000000
1654.0,2270.500000,1.389117704744432e-16,0.0000000000,0.000000
1655.0,2270.500000,1.394416119527067e-16,0.0000000000,0.000000
1656.0,2270.500000,1.399734743683697e-16,0.0000000000,0.000000
1657.0,2270.500000,1.405073654297521e-16,0.0000000000,0.000000
1658.0,2270.500000,1.410432928745752e-16,0.0000000000,0.000000
1659.0,2270.500000,1.415812644700760e-16,0.0000000000,0.000000
1660.0,2270.500000,1.421212880131138e-16,0.0000000000,0.000000
1661.0,2270.500000,1.426633713302905e-16,0.0000000000,0.000000
1662.0,2270.500000,1.432075222780584e-16,0.0000000000,0.000000
1663.0,2270.500000,1.437537487428361e-16,0.0000000000,0.000000
1664.0,2270.500000,1.443020586411246e-16,0.0000000000,0.000000
1665.0,2270.500000,1.448524599196184e-16,0.0000000000,0.000000
1666.0,2270.500000,1.454049605553227e-16,0.0000000000,0.000000
1667.0,2270.500000,1.459595685556708e-16,0.0000000000,0.000000
1668.0,2270.500000,1.465162919586346e-16,0.0000000000,0.000000
1669.0,2270.500000,1.470751388328483e-16,0.0000000000,0.000000
1670.0,2270.500000,1.476361172777199e-16,0.0000000000,0.000000
1671.0,2270.500000,1.481992354235498e-16,0.0000000000,0.000000
1672.0,2270.500000,1.487645014316515e-16,0.0000000000,0.000000
1673.0,2270.500000,1.493319234944656e-16,0.0000000000,0.000000
1674.0,2270.500000,1.499015098356808e-16,0.0000000000,0.000000
1675.0,2270.500000,1.504732687103548e-16,0.0000000000,0.000000
1676.0,2270.500000,1.510472084050283e-16,0.0000000000,0.000000
1677.0,2271.000000,1.516233372378525e-16,0.0000000000,0.000000
1678.0,2272.000000,1.522016635587040e-16,0.0000000000,0.000000
1679.0,2273.000000,1.527821957493073e-16,0.0000000000,0.000000
1680.0,2274.000000,1.533649422233590e-16,0.0000000000,0.000000
1681.0,2275.000000,1.539499114266453e-16,0.0000000000,0.000000
1682.0,2276.000000,1.545371118371673e-16,0.0000000000,0.000000
1683.0,2282.000000,1.551265519652631e-16,0.0000000000,0.000000
1684.0,2281.000000,1.557182403537307e-16,0.0000000000,0.000000
1685.0,2280.000000,1.563121855779541e-16,0.0000000000,0.000000
1686.0,2279.500000,1.569083962460239e-16,0.0000000000,0.000000
1687.0,2279.500000,1.575068809988639e-16,0.0000000000,0.000000
1688.0,2279.500000,1.581076485103583e-16,0.0000000000,0.000000
1689.0,2279.500000,1.587107074874736e-16,0.0000000000,0.000000
1690.0,2279.500000,1.593160666703873e-16,0.0000000000,0.000000
1691.0,2279.500000,1.599237348326141e-16,0.0000000000,0.000000
1692.0,2279.000000,1.605337207811319e-16,0.0000000000,0.000000
1693.0,2277.500000,1.611460333565128e-16,0.0000000000,0.000000
1694.0,2275.500000,1.617606814330465e-16,0.0000000000,0.000000
1695.0,2273.500000,1.623776739188718e-16,0.0000000000,0.000000
1696.0,2271.500000,1.629970197561066e-16,0.0000000000,0.000000
1697.0,2269.500000,1.636187279209746e-16,0.0000000000,0.000000
1698.0,2267.500000,1.642428074239372e-16,0.0000000000,0.000000
1699.0,2265.500000,1.648692673098240e-16,0.0000000000,0.000000
1700.0,2263.500000,1.654981166579629e-16,0.0000000000,0.000000
1701.0,2261.500000,1.661293645823144e-16,0.0000000000,0.000000
1702.0,2259.500000,1.667630202315998e-16,0.0000000000,0.000000
1703.0,2257.500000,1.673990927894366e-16,0.0000000000,0.000000
1704.0,2257.500000,1.680375914744703e-16,0.0000000000,0.000000
1705.0,2259.500000,1.686785255405080e-16,0.0000000000,0.000000
1706.0,2261.500000,1.693219042766550e-16,0.0000000000,0.000000
1707.0,2263.500000,1.699677370074455e-16,0.0000000000,0.000000
1708.0,2265.500000,1.706160330929792e-16,0.0000000000,0.000000
1709.0,2267.500000,1.712668019290598e-16,0.0000000000,0.000000
1710.0,2269.500000,1.719200529473265e-16,0.0000000000,0.000000
1711.0,2271.500000,1.725757956153938e-16,0.0000000000,0.000000
1712.0,2273.500000,1.732340394369877e-16,0.0000000000,0.000000
1713.0,2275.500000,1.738947939520830e-16,0.0000000000,0.000000
1714.0,2277.500000,1.745580687370441e-16,0.0000000000,0.000000
1715.0,2279.000000,1.752238734047601e-16,0.0000000000,0.000000
1716.0,2279.500000,1.758922176047855e-16,0.0000000000,0.000000
1717.0,2279.500000,1.765631110234826e-16,0.0000000000,0.000000
1718.0,2279.500000,1.772365633841579e-16,0.0000000000,0.000000
1719.0,2279.500000,1.779125844472053e-16,0.0000000000,0.000000
1720.0,2279.500000,1.785911840102469e-16,0.0000000000,0.000000
1721.0,2279.500000,1.792723719082749e-16,0.0000000000,0.000000
1722.0,2280.000000,1.799561580137963e-16,0.0000000000,0.000000
1723.0,2281.000000,1.806425522369720e-16,0.0000000000,0.000000
1724.0,2282.000000,1.813315645257633e-16,0.0000000000,0.000000
1725.0,2276.000000,1.820232048660753e-16,0.0000000000,0.000000
1726.0,2275.000000,1.827174832819008e-16,0.0000000000,0.000000
1727.0,2274.000000,1.834144098354688e-16,0.0000000000,0.000000
1728.0,2273.000000,1.841139946273857e-16,0.0000000000,0.000000
1729.0,2272.000000,1.848162477967839e-16,0.0000000000,0.000000
1730.0,2271.000000,1.855211795214709e-16,0.0000000000,0.000000
1731.0,2270.500000,1.862288000180727e-16,0.0000000000,0.000000
1732.0,2270.500000,1.869391195421845e-16,0.0000000000,0.000000
1733.0,2270.500000,1.876521483885187e-16,0.0000000000,0.000000
1734.0,2270.500000,1.883678968910533e-16,0.0000000000,0.000000
1735.0,2270.500000,1.890863754231848e-16,0.0000000000,0.000000
1736.0,2270.500000,1.898075943978739e-16,0.0000000000,0.000000
1737.0,2270.500000,1.905315642677988e-16,0.0000000000,0.000000
1738.0,2270.500000,1.912582955255089e-16,0.0000000000,0.000000
1739.0,2270.500000,1.919877987035723e-16,0.0000000000,0.000000
1740.0,2270.500000,1.927200843747315e-16,0.0000000000,0.000000
1741.0,2270.500000,1.934551631520557e-16,0.0000000000,0.000000
1742.0,2270.500000,1.941930456890943e-16,0.0000000000,0.000000
1743.0,2270.500000,1.949337426800340e-16,0.0000000000,0.000000
1744.0,2270.500000,1.956772648598492e-16,0.0000000000,0.000000
1745.0,2270.500000,1.964236230044601e-16,0.0000000000,0.000000
1746.0,2270.500000,1.971728279308917e-16,0.0000000000,0.000000
1747.0,2270.500000,1.979248904974223e-16,0.0000000000,0.000000
1748.0,2270.500000,1.986798216037515e-16,0.0000000000,0.000000
1749.0,2270.500000,1.994376321911499e-16,0.0000000000,0.000000
1750.0,2270.500000,2.001983332426205e-16,0.0000000000,0.000000
1751.0,2270.500000,2.009619357830604e-16,0.0000000000,0.000000
1752.0,2270.500000,2.017284508794158e-16,0.0000000000,0.000000
1753.0,2270.500000,2.024978896408449e-16,0.0000000000,0.000000
1754.0,2270.500000,2.032702632188818e-16,0.0000000000,0.000000
1755.0,2270.500000,2.040455828075896e-16,0.0000000000,0.000000
1756.0,2270.500000,2.048238596437338e-16,0.0000000000,0.000000
1757.0,2270.500000,2.056051050069363e-16,0.0000000000,0.000000
1758.0,2270.500000,2.063893302198419e-16,0.0000000000,0.000000
1759.0,2270.500000,2.071765466482852e-16,0.0000000000,0.000000
1760.0,2270.500000,2.079667657014502e-16,0.0000000000,0.000000
1761.0,2270.500000,2.087599988320381e-16,0.0000000000,0.000000
1762.0,2270.500000,2.095562575364368e-16,0.0000000000,0.000000
1763.0,2270.500000,2.103555533548780e-16,0.0000000000,0.000000
1764.0,2270.500000,2.111578978716166e-16,0.0000000000,0.000000
1765.0,2270.500000,2.119633027150891e-16,0.0000000000,0.000000
1766.0,2270.500000,2.127717795580853e-16,0.0000000000,0.000000
1767.0,2270.500000,2.135833401179206e-16,0.0000000000,0.000000
1768.0,2270.500000,2.143979961566001e-16,0.0000000000,0.000000
1769.0,2270.500000,2.152157594809930e-16,0.0000000000,0.000000
1770.0,2270.500000,2.160366419430025e-16,0.0000000000,0.000000
1771.0,2270.500000,2.168606554397366e-16,0.0000000000,0.000000
1772.0,2270.500000,2.176878119136847e-16,0.0000000000,0.000000
1773.0,2270.500000,2.185181233528845e-16,0.0000000000,0.000000
1774.0,2270.500000,2.193516017910992e-16,0.0000000000,0.000000
1775.0,2270.500000,2.201882593079940e-16,0.0000000000,0.000000
1776.0,2270.500000,2.210281080293061e-16,0.0000000000,0.000000
1777.0,2270.500000,2.218711601270239e-16,0.0000000000,0.000000
1778.0,2270.500000,2.227174278195626e-16,0.0000000000,0.000000
1779.0,2270.500000,2.235669233719405e-16,0.0000000000,0.000000
1780.0,2270.500000,2.244196590959600e-16,0.0000000000,0.000000
1781.0,2270.500000,2.252756473503810e-16,0.0000000000,0.000000
1782.0,2270.500000,2.261349005411023e-16,0.0000000000,0.000000
1783.0,2270.500000,2.269974311213456e-16,0.0000000000,0.000000
1784.0,2270.500000,2.278632515918254e-16,0.0000000000,0.000000
1785.0,2270.500000,2.287323745009435e-16,0.0000000000,0.000000
1786.0,2270.500000,2.296048124449602e-16,0.0000000000,0.000000
1787.0,2270.500000,2.304805780681811e-16,0.0000000000,0.000000
1788.0,2270.500000,2.313596840631428e-16,0.0000000000,0.000000
1789.0,2270.500000,2.322421431707912e-16,0.0000000000,0.000000
1790.0,2270.500000,2.331279681806703e-16,0.0000000000,0.000000
1791.0,2270.500000,2.340171719311062e-16,0.0000000000,0.000000
1792.0,2270.500000,2.349097673093924e-16,0.0000000000,0.000000
1793.0,2270.500000,2.358057672519803e-16,0.0000000000,0.000000
1794.0,2270.500000,2.367051847446613e-16,0.0000000000,0.000000
1795.0,2270.500000,2.376080328227573e-16,0.0000000000,0.000000
1796.0,2270.500000,2.385143245713130e-16,0.0000000000,0.000000
1797.0,2270.500000,2.394240731252794e-16,0.0000000000,0.000000
1798.0,2270.500000,2.403372916697084e-16,0.0000000000,0.000000
1799.0,2270.500000,2.412539934399425e-16,0.0000000000,0.000000
1800.0,2270.500000,2.421741917218061e-16,0.0000000000,0.000000
1801.0,2270.500000,2.430978998518016e-16,0.0000000000,0.000000
1802.0,2270.500000,2.440251312172969e-16,0.0000000000,0.000000
1803.0,2270.500000,2.449558992567225e-16,0.0000000000,0.000000
1804.0,2270.500000,2.458902174597701e-16,0.0000000000,0.000000
1805.0,2270.500000,2.468280993675772e-16,0.0000000000,0.000000
1806.0,2270.500000,2.477695585729374e-16,0.0000000000,0.000000
1807.0,2270.500000,2.487146087204862e-16,0.0000000000,0.000000
1808.0,2270.500000,2.496632635069030e-16,0.0000000000,0.000000
1809.0,2270.500000,2.506155366811124e-16,0.0000000000,0.000000
1810.0,2270.500000,2.515714420444777e-16,0.0000000000,0.000000
1811.0,2270.500000,2.525309934510046e-16,0.0000000000,0.000000
1812.0,2270.500000,2.534942048075412e-16,0.0000000000,0.000000
1813.0,2270.500000,2.544610900739786e-16,0.0000000000,0.000000
1814.0,2270.500000,2.554316632634573e-16,0.0000000000,0.000000
1815.0,2270.500000,2.564059384425637e-16,0.0000000000,0.000000
1816.0,2270.500000,2.573839297315377e-16,0.0000000000,0.000000
1817.0,2270.500000,2.583656513044802e-16,0.0000000000,0.000000
1818.0,2270.500000,2.593511173895520e-16,0.0000000000,0.000000
1819.0,2270.500000,2.603403422691847e-16,0.0000000000,0.000000
1820.0,2270.500000,2.613333402802861e-16,0.0000000000,0.000000
1821.0,2270.500000,2.623301258144474e-16,0.0000000000,0.000000
1822.0,2270.500000,2.633307133181559e-16,0.0000000000,0.000000
1823.0,2270.500000,2.643351172929977e-16,0.0000000000,0.000000
1824.0,2271.000000,2.653433522958715e-16,0.0000000000,0.000000
1825.0,2272.000000,2.663554329392034e-16,0.0000000000,0.000000
1826.0,2273.000000,2.673713738911475e-16,0.0000000000,0.000000
1827.0,2274.000000,2.683911898758129e-16,0.0000000000,0.000000
1828.0,2275.000000,2.694148956734655e-16,0.0000000000,0.000000
1829.0,2276.000000,2.704425061207466e-16,0.0000000000,0.000000
1830.0,2282.000000,2.714740361108912e-16,0.0000000000,0.000000
1831.0,2281.000000,2.725095005939373e-16,0.0000000000,0.000000
1832.0,2280.000000,2.735489145769455e-16,0.0000000000,0.000000
1833.0,2279.500000,2.745922931242215e-16,0.0000000000,0.000000
1834.0,2279.500000,2.756396513575217e-16,0.0000000000,0.000000
1835.0,2279.500000,2.766910044562885e-16,0.0000000000,0.000000
1836.0,2279.500000,2.777463676578574e-16,0.0000000000,0.000000
1837.0,2279.500000,2.788057562576827e-16,0.0000000000,0.000000
1838.0,2279.500000,2.798691856095626e-16,0.0000000000,0.000000
1839.0,2279.000000,2.809366711258546e-16,0.0000000000,0.000000
1840.0,2277.500000,2.820082282777027e-16,0.0000000000,0.000000
1841.0,2275.500000,2.830838725952659e-16,0.0000000000,0.000000
1842.0,2273.500000,2.841636196679306e-16,0.0000000000,0.000000
1843.0,2271.500000,2.852474851445531e-16,0.0000000000,0.000000
1844.0,2269.500000,2.863354847336730e-16,0.0000000000,0.000000
1845.0,2267.500000,2.874276342037463e-16,0.0000000000,0.000000
1846.0,2265.500000,2.885239493833768e-16,0.0000000000,0.000000
1847.0,2263.500000,2.896244461615388e-16,0.0000000000,0.000000
1848.0,2261.500000,2.907291404878118e-16,0.0000000000,0.000000
1849.0,2259.500000,2.918380483726110e-16,0.0000000000,0.000000
1850.0,2257.500000,2.929511858874176e-16,0.0000000000,0.000000
1851.0,2257.500000,2.940685691650167e-16,0.0000000000,0.000000
1852.0,2259.500000,2.951902143997240e-16,0.0000000000,0.000000
1853.0,2261.500000,2.963161378476241e-16,0.0000000000,0.000000
1854.0,2263.500000,2.974463558268096e-16,0.0000000000,0.000000
1855.0,2265.500000,2.985808847176105e-16,0.0000000000,0.000000
1856.0,2267.500000,2.997197409628364e-16,0.0000000000,0.000000
1857.0,2269.500000,3.008629410680133e-16,0.0000000000,0.000000
1858.0,2271.500000,3.020105016016221e-16,0.0000000000,0.000000
1859.0,2273.500000,3.031624391953435e-16,0.0000000000,0.000000
1860.0,2275.500000,3.043187705442912e-16,0.0000000000,0.000000
1861.0,2277.500000,3.054795124072581e-16,0.0000000000,0.000000
1862.0,2279.000000,3.066446816069628e-16,0.0000000000,0.000000
1863.0,2279.500000,3.078142950302858e-16,0.0000000000,0.000000
1864.0,2279.500000,3.089883696285193e-16,0.0000000000,0.000000
1865.0,2279.500000,3.101669224176116e-16,0.0000000000,0.000000
1866.0,2279.500000,3.113499704784125e-16,0.0000000000,0.000000
1867.0,2279.500000,3.125375309569259e-16,0.0000000000,0.000000
1868.0,2279.500000,3.137296210645509e-16,0.0000000000,0.000000
1869.0,2280.000000,3.149262580783356e-16,0.0000000000,0.000000
1870.0,2281.000000,3.161274593412273e-16,0.0000000000,0.000000
1871.0,2282.000000,3.173332422623217e-16,0.0000000000,0.000000
1872.0,2276.000000,3.185436243171207e-16,0.0000000000,0.000000
1873.0,2275.000000,3.197586230477780e-16,0.0000000000,0.000000
1874.0,2274.000000,3.209782560633569e-16,0.0000000000,0.000000
1875.0,2273.000000,3.222025410400901e-16,0.0000000000,0.000000
1876.0,2272.000000,3.234314957216269e-16,0.0000000000,0.000000
1877.0,2271.000000,3.246651379192970e-16,0.0000000000,0.000000
1878.0,2270.500000,3.259034855123661e-16,0.0000000000,0.000000
1879.0,2270.500000,3.271465564482944e-16,0.0000000000,0.000000
1880.0,2270.500000,3.283943687430019e-16,0.0000000000,0.000000
1881.0,2270.500000,3.296469404811212e-16,0.0000000000,0.000000
1882.0,2270.500000,3.309042898162643e-16,0.0000000000,0.000000
1883.0,2270.500000,3.321664349712888e-16,0.0000000000,0.000000
1884.0,2270.500000,3.334333942385548e-16,0.0000000000,0.000000
1885.0,2270.500000,3.347051859801948e-16,0.0000000000,0.000000
1886.0,2270.500000,3.359818286283788e-16,0.0000000000,0.000000
1887.0,2270.500000,3.372633406855800e-16,0.0000000000,0.000000
1888.0,2270.500000,3.385497407248482e-16,0.0000000000,0.000000
1889.0,2270.500000,3.398410473900714e-16,0.0000000000,0.000000
1890.0,2270.500000,3.411372793962506e-16,0.0000000000,0.000000
1891.0,2270.500000,3.424384555297704e-16,0.0000000000,0.000000
1892.0,2270.500000,3.437445946486694e-16,0.0000000000,0.000000
1893.0,2270.500000,3.450557156829195e-16,0.0000000000,0.000000
1894.0,2270.500000,3.463718376346915e-16,0.0000000000,0.000000
1895.0,2270.500000,3.476929795786350e-16,0.0000000000,0.000000
1896.0,2270.500000,3.490191606621588e-16,0.0000000000,0.000000
1897.0,2270.500000,3.503504001057002e-16,0.0000000000,0.000000
1898.0,2270.500000,3.516867172030090e-16,0.0000000000,0.000000
1899.0,2270.500000,3.530281313214260e-16,0.0000000000,0.000000
1900.0,2270.500000,3.543746619021616e-16,0.0000000000,0.000000
1901.0,2270.500000,3.557263284605843e-16,0.0000000000,0.000000
1902.0,2270.500000,3.570831505864942e-16,0.0000000000,0.000000
1903.0,2270.500000,3.584451479444112e-16,0.0000000000,0.000000
1904.0,2270.500000,3.598123402738648e-16,0.0000000000,0.000000
1905.0,2270.500000,3.611847473896712e-16,0.0000000000,0.000000
1906.0,2270.500000,3.625623891822262e-16,0.0000000000,0.000000
1907.0,2270.500000,3.639452856177924e-16,0.0000000000,0.000000
1908.0,2270.500000,3.653334567387865e-16,0.0000000000,0.000000
1909.0,2270.500000,3.667269226640764e-16,0.0000000000,0.000000
1910.0,2270.500000,3.681257035892633e-16,0.0000000000,0.000000
1911.0,2270.500000,3.695298197869792e-16,0.0000000000,0.000000
1912.0,2270.500000,3.709392916071865e-16,0.0000000000,0.000000
1913.0,2270.500000,3.723541394774564e-16,0.0000000000,0.000000
1914.0,2270.500000,3.737743839032865e-16,0.0000000000,0.000000
1915.0,2270.500000,3.752000454683806e-16,0.0000000000,0.000000
1916.0,2270.500000,3.766311448349537e-16,0.0000000000,0.000000
1917.0,2270.500000,3.780677027440359e-16,0.0000000000,0.000000
1918.0,2270.500000,3.795097400157636e-16,0.0000000000,0.000000
1919.0,2270.500000,3.809572775496861e-16,0.0000000000,0.000000
1920.0,2270.500000,3.824103363250745e-16,0.0000000000,0.000000
1921.0,2270.500000,3.838689374012088e-16,0.0000000000,0.000000
1922.0,2270.500000,3.853331019177050e-16,0.0000000000,0.000000
1923.0,2270.500000,3.868028510948041e-16,0.0000000000,0.000000
1924.0,2270.500000,3.882782062336859e-16,0.0000000000,0.000000
1925.0,2270.500000,3.897591887167826e-16,0.0000000000,0.000000
1926.0,2270.500000,3.912458200080793e-16,0.0000000000,0.000000
1927.0,2270.500000,3.927381216534296e-16,0.0000000000,0.000000
1928.0,2270.500000,3.942361152808742e-16,0.0000000000,0.000000
1929.0,2270.500000,3.957398226009370e-16,0.0000000000,0.000000
1930.0,2270.500000,3.972492654069622e-16,0.0000000000,0.000000
1931.0,2270.500000,3.987644655754123e-16,0.0000000000,0.000000
1932.0,2270.500000,4.002854450661915e-16,0.0000000000,0.000000
1933.0,2270.500000,4.018122259229693e-16,0.0000000000,0.000000
1934.0,2270.500000,4.033448302734898e-16,0.0000000000,0.000000
1935.0,2270.500000,4.048832803298990e-16,0.0000000000,0.000000
1936.0,2270.500000,4.064275983890652e-16,0.0000000000,0.000000
1937.0,2270.500000,4.079778068329004e-16,0.0000000000,0.000000
1938.0,2270.500000,4.095339281286913e-16,0.0000000000,0.000000
1939.0,2270.500000,4.110959848294153e-16,0.0000000000,0.000000
1940.0,2270.500000,4.126639995740716e-16,0.0000000000,0.000000
1941.0,2270.500000,4.142379950880151e-16,0.0000000000,0.000000
1942.0,2270.500000,4.158179941832753e-16,0.0000000000,0.000000
1943.0,2270.500000,4.174040197588936e-16,0.0000000000,0.000000
1944.0,2270.500000,4.189960948012540e-16,0.0000000000,0.000000
1945.0,2270.500000,4.205942423844137e-16,0.0000000000,0.000000
1946.0,2270.500000,4.221984856704450e-16,0.0000000000,0.000000
1947.0,2270.500000,4.238088479097605e-16,0.0000000000,0.000000
1948.0,2270.500000,4.254253524414554e-16,0.0000000000,0.000000
1949.0,2270.500000,4.270480226936504e-16,0.0000000000,0.000000
1950.0,2270.500000,4.286768821838217e-16,0.0000000000,0.000000
1951.0,2270.500000,4.303119545191478e-16,0.0000000000,0.000000
1952.0,2270.500000,4.319532633968510e-16,0.0000000000,0.000000
1953.0,2270.500000,4.336008326045379e-16,0.0000000000,0.000000
1954.0,2270.500000,4.352546860205522e-16,0.0000000000,0.000000
1955.0,2270.500000,4.369148476143097e-16,0.0000000000,0.000000
1956.0,2270.500000,4.385813414466528e-16,0.0000000000,0.000000
1957.0,2270.500000,4.402541916701975e-16,0.0000000000,0.000000
1958.0,2270.500000,4.419334225296817e-16,0.0000000000,0.000000
1959.0,2270.500000,4.436190583623237e-16,0.0000000000,0.000000
1960.0,2270.500000,4.453111235981641e-16,0.0000000000,0.000000
1961.0,2270.500000,4.470096427604253e-16,0.0000000000,0.000000
1962.0,2270.500000,4.487146404658723e-16,0.0000000000,0.000000
1963.0,2270.500000,4.504261414251589e-16,0.0000000000,0.000000
1964.0,2270.500000,4.521441704431925e-16,0.0000000000,0.000000
1965.0,2270.500000,4.538687524194925e-16,0.0000000000,0.000000
1966.0,2270.500000,4.555999123485485e-16,0.0000000000,0.000000
1967.0,2270.500000,4.573376753201908e-16,0.0000000000,0.000000
1968.0,2270.500000,4.590820665199426e-16,0.0000000000,0.000000
1969.0,2270.500000,4.608331112293898e-16,0.0000000000,0.000000
1970.0,2270.500000,4.625908348265544e-16,0.0000000000,0.000000
1971.0,2271.000000,4.643552627862502e-16,0.0000000000,0.000000
1972.0,2272.000000,4.661264206804595e-16,0.0000000000,0.000000
1973.0,2273.000000,4.679043341787022e-16,0.0000000000,0.000000
1974.0,2274.000000,4.696890290484058e-16,0.0000000000,0.000000
1975.0,2275.000000,4.714805311552862e-16,0.0000000000,0.000000
1976.0,2276.000000,4.732788664637117e-16,0.0000000000,0.000000
1977.0,2282.000000,4.750840610370862e-16,0.0000000000,0.000000
1978.0,2281.000000,4.768961410382258e-16,0.0000000000,0.000000
1979.0,2280.000000,4.787151327297353e-16,0.0000000000,0.000000
1980.0,2279.500000,4.805410624743972e-16,0.0000000000,0.000000
1981.0,2279.500000,4.823739567355420e-16,0.0000000000,0.000000
1982.0,2279.500000,4.842138420774369e-16,0.0000000000,0.000000
1983.0,2279.500000,4.860607451656780e-16,0.0000000000,0.000000
1984.0,2279.500000,4.879146927675634e-16,0.0000000000,0.000000
1985.0,2279.500000,4.897757117524904e-16,0.0000000000,0.000000
1986.0,2279.000000,4.916438290923422e-16,0.0000000000,0.000000
1987.0,2277.500000,4.935190718618768e-16,0.0000000000,0.000000
1988.0,2275.500000,4.954014672391278e-16,0.0000000000,0.000000
1989.0,2273.500000,4.972910425057860e-16,0.0000000000,0.000000
1990.0,2271.500000,4.991878250476008e-16,0.0000000000,0.000000
1991.0,2269.500000,5.010918423547831e-16,0.0000000000,0.000000
1992.0,2267.500000,5.030031220223921e-16,0.0000000000,0.000000
1993.0,2265.500000,5.049216917507425e-16,0.0000000000,0.000000
1994.0,2263.500000,5.068475793458046e-16,0.0000000000,0.000000
1995.0,2261.500000,5.087808127196050e-16,0.0000000000,0.000000
1996.0,2259.500000,5.107214198906394e-16,0.0000000000,0.000000
1997.0,2257.500000,5.126694289842663e-16,0.0000000000,0.000000
1998.0,2257.500000,5.146248682331206e-16,0.0000000000,0.000000
1999.0,2259.500000,5.165877659775316e-16,0.0000000000,0.000000
2000.0,2261.500000,5.185581506659103e-16,0.0000000000,0.000000
2001.0,2263.500000,5.205360508551912e-16,0.0000000000,0.000000
2002.0,2265.500000,5.225214952112232e-16,0.0000000000,0.000000
2003.0,2267.500000,5.245145125091932e-16,0.0000000000,0.000000
2004.0,2269.500000,5.265151316340498e-16,0.0000000000,0.000000
2005.0,2271.500000,5.285233815809091e-16,0.0000000000,0.000000
2006.0,2273.500000,5.305392914554811e-16,0.0000000000,0.000000
2007.0,2275.500000,5.325628904745001e-16,0.0000000000,0.000000
2008.0,2277.500000,5.345942079661251e-16,0.0000000000,0.000000
2009.0,2279.000000,5.366332733703943e-16,0.0000000000,0.000000
2010.0,2279.500000,5.386801162396284e-16,0.0000000000,0.000000
2011.0,2279.500000,5.407347662388674e-16,0.0000000000,0.000000
2012.0,2279.500000,5.427972531463072e-16,0.0000000000,0.000000
2013.0,2279.500000,5.448676068537180e-16,0.0000000000,0.000000
2014.0,2279.500000,5.469458573668840e-16,0.0000000000,0.000000
2015.0,2279.500000,5.490320348060474e-16,0.0000000000,0.000000
2016.0,2280.000000,5.511261694063203e-16,0.0000000000,0.000000
2017.0,2281.000000,5.532282915181541e-16,0.0000000000,0.000000
2018.0,2282.000000,5.553384316077547e-16,0.0000000000,0.000000
2019.0,2276.000000,5.574566202575334e-16,0.0000000000,0.000000
2020.0,2275.000000,5.595828881665565e-16,0.0000000000,0.000000
2021.0,2274.000000,5.617172661509767e-16,0.0000000000,0.000000
2022.0,2273.000000,5.638597851444891e-16,0.0000000000,0.000000
2023.0,2272.000000,5.660104761987769e-16,0.0000000000,0.000000
2024.0,2271.000000,5.681693704839592e-16,0.0000000000,0.000000
2025.0,2270.500000,5.703364992890522e-16,0.0000000000,0.000000
2026.0,2270.500000,5.725118940224085e-16,0.0000000000,0.000000
2027.0,2270.500000,5.746955862121796e-16,0.0000000000,0.000000
2028.0,2270.500000,5.768876075067795e-16,0.0000000000,0.000000
2029.0,2270.500000,5.790879896753294e-16,0.0000000000,0.000000
2030.0,2270.500000,5.812967646081277e-16,0.0000000000,0.000000
2031.0,2270.500000,5.835139643171099e-16,0.0000000000,0.000000
2032.0,2270.500000,5.857396209363098e-16,0.0000000000,0.000000
2033.0,2270.500000,5.879737667223350e-16,0.0000000000,0.000000
2034.0,2270.500000,5.902164340548201e-16,0.0000000000,0.000000
2035.0,2270.500000,5.924676554369030e-16,0.0000000000,0.000000
2036.0,2270.500000,5.947274634957058e-16,0.0000000000,0.000000
2037.0,2270.500000,5.969958909827810e-16,0.0000000000,0.000000
2038.0,2270.500000,5.992729707746201e-16,0.0000000000,0.000000
2039.0,2270.500000,6.015587358731032e-16,0.0000000000,0.000000
2040.0,2270.500000,6.038532194059872e-16,0.0000000000,0.000000
2041.0,2270.500000,6.061564546273934e-16,0.0000000000,0.000000
2042.0,2270.500000,6.084684749182746e-16,0.0000000000,0.000000
2043.0,2270.500000,6.107893137869084e-16,0.0000000000,0.000000
2044.0,2270.500000,6.131190048693811e-16,0.0000000000,0.000000
2045.0,2270.500000,6.154575819300719e-16,0.0000000000,0.000000
2046.0,2270.500000,6.178050788621530e-16,0.0000000000,0.000000
2047.0,2270.500000,6.201615296880651e-16,0.0000000000,0.000000
2048.0,2270.500000,6.225269685600186e-16,0.0000000000,0.000000
2049.0,2270.500000,6.249014297604957e-16,0.0000000000,0.000000
2050.0,2270.500000,6.272849477027322e-16,0.0000000000,0.000000
2051.0,2270.500000,6.296775569312267e-16,0.0000000000,0.000000
2052.0,2270.500000,6.320792921222383e-16,0.0000000000,0.000000
2053.0,2270.500000,6.344901880842868e-16,0.0000000000,0.000000
2054.0,2270.500000,6.369102797586675e-16,0.0000000000,0.000000
2055.0,2270.500000,6.393396022199419e-16,0.0000000000,0.000000
2056.0,2270.500000,6.417781906764542e-16,0.0000000000,0.000000
2057.0,2270.500000,6.442260804708517e-16,0.0000000000,0.000000
2058.0,2270.500000,6.466833070805681e-16,0.0000000000,0.000000
2059.0,2270.500000,6.491499061183750e-16,0.0000000000,0.000000
2060.0,2270.500000,6.516259133328685e-16,0.0000000000,0.000000
2061.0,2270.500000,6.541113646089983e-16,0.0000000000,0.000000
2062.0,2270.500000,6.566062959685951e-16,0.0000000000,0.000000
2063.0,2270.500000,6.591107435708777e-16,0.0000000000,0.000000
2064.0,2270.500000,6.616247437129868e-16,0.0000000000,0.000000
2065.0,2270.500000,6.641483328305088e-16,0.0000000000,0.000000
2066.0,2270.500000,6.666815474980014e-16,0.0000000000,0.000000
2067.0,2270.500000,6.692244244295336e-16,0.0000000000,0.000000
2068.0,2270.500000,6.717770004792029e-16,0.0000000000,0.000000
2069.0,2270.500000,6.743393126416762e-16,0.0000000000,0.000000
2070.0,2270.500000,6.769113980527352e-16,0.0000000000,0.000000
2071.0,2270.500000,6.794932939897977e-16,0.0000000000,0.000000
2072.0,2270.500000,6.820850378724687e-16,0.0000000000,0.000000
2073.0,2270.500000,6.846866672630802e-16,0.0000000000,0.000000
2074.0,2270.500000,6.872982198672332e-16,0.0000000000,0.000000
2075.0,2270.500000,6.899197335343545e-16,0.0000000000,0.000000
2076.0,2270.500000,6.925512462582292e-16,0.0000000000,0.000000
2077.0,2270.500000,6.951927961775592e-16,0.0000000000,0.000000
2078.0,2270.500000,6.978444215765275e-16,0.0000000000,0.000000
2079.0,2270.500000,7.005061608853222e-16,0.0000000000,0.000000
2080.0,2270.500000,7.031780526807328e-16,0.0000000000,0.000000
2081.0,2270.500000,7.058601356866780e-16,0.0000000000,0.000000
2082.0,2270.500000,7.085524487747785e-16,0.0000000000,0.000000
2083.0,2270.500000,7.112550309649291e-16,0.0000000000,0.000000
2084.0,2270.500000,7.139679214258465e-16,0.0000000000,0.000000
2085.0,2270.500000,7.166911594756462e-16,0.0000000000,0.000000
2086.0,2270.500000,7.194247845824236e-16,0.0000000000,0.000000
2087.0,2270.500000,7.221688363647938e-16,0.0000000000,0.000000
2088.0,2270.500000,7.249233545925074e-16,0.0000000000,0.000000
2089.0,2270.500000,7.276883791869939e-16,0.0000000000,0.000000
2090.0,2270.500000,7.304639502219524e-16,0.0000000000,0.000000
2091.0,2270.500000,7.332501079239412e-16,0.0000000000,0.000000
2092.0,2270.500000,7.360468926729430e-16,0.0000000000,0.000000
2093.0,2270.500000,7.388543450029592e-16,0.0000000000,0.000000
2094.0,2270.500000,7.416725056026090e-16,0.0000000000,0.000000
2095.0,2270.500000,7.445014153156865e-16,0.0000000000,0.000000
2096.0,2270.500000,7.473411151417943e-16,0.0000000000,0.000000
2097.0,2270.500000,7.501916462369053e-16,0.0000000000,0.000000
2098.0,2270.500000,7.530530499139700e-16,0.0000000000,0.000000
2099.0,2270.500000,7.559253676435259e-16,0.0000000000,0.000000
2100.0,2270.500000,7.588086410542791e-16,0.0000000000,0.000000
2101.0,2270.500000,7.617029119337203e-16,0.0000000000,0.000000
2102.0,2270.500000,7.646082222287275e-16,0.0000000000,0.000000
2103.0,2270.500000,7.675246140461703e-16,0.0000000000,0.000000
2104.0,2270.500000,7.704521296535332e-16,0.0000000000,0.000000
2105.0,2270.500000,7.733908114795091e-16,0.0000000000,0.000000
2106.0,2270.500000,7.763407021146239e-16,0.0000000000,0.000000
2107.0,2270.500000,7.793018443118628e-16,0.0000000000,0.000000
2108.0,2270.500000,7.822742809872714e-16,0.0000000000,0.000000
2109.0,2270.500000,7.852580552205900e-16,0.0000000000,0.000000
2110.0,2270.500000,7.882532102558752e-16,0.0000000000,0.000000
2111.0,2270.500000,7.912597895021229e-16,0.0000000000,0.000000
2112.0,2270.500000,7.942778365339107e-16,0.0000000000,0.000000
2113.0,2270.500000,7.973073950920100e-16,0.0000000000,0.000000
2114.0,2270.500000,8.003485090840295e-16,0.0000000000,0.000000
2115.0,2270.500000,8.034012225850616e-16,0.0000000000,0.000000
2116.0,2270.500000,8.064655798383009e-16,0.0000000000,0.000000
2117.0,2270.500000,8.095416252556998e-16,0.0000000000,0.000000
2118.0,2271.000000,8.126294034186076e-16,0.0000000000,0.000000
2119.0,2272.000000,8.157289590784139e-16,0.0000000000,0.000000
2120.0,2273.000000,8.188403371572103e-16,0.0000000000,0.000000
2121.0,2274.000000,8.219635827484218e-16,0.0000000000,0.000000
2122.0,2275.000000,8.250987411174733e-16,0.0000000000,0.000000
2123.0,2276.000000,8.282458577024427e-16,0.0000000000,0.000000
2124.0,2282.000000,8.314049781147153e-16,0.0000000000,0.000000
2125.0,2281.000000,8.345761481396594e-16,0.0000000000,0.000000
2126.0,2280.000000,8.377594137372688e-16,0.0000000000,0.000000
2127.0,2279.500000,8.409548210428394e-16,0.0000000000,0.000000
2128.0,2279.500000,8.441624163676480e-16,0.0000000000,0.000000
2129.0,2279.500000,8.473822461996028e-16,0.0000000000,0.000000
2130.0,2279.500000,8.506143572039312e-16,0.0000000000,0.000000
2131.0,2279.500000,8.538587962238526e-16,0.0000000000,0.000000
2132.0,2279.500000,8.571156102812534e-16,0.0000000000,0.000000
2133.0,2279.000000,8.603848465773831e-16,0.0000000000,0.000000
2134.0,2277.500000,8.636665524935172e-16,0.0000000000,0.000000
2135.0,2275.500000,8.669607755916538e-16,0.0000000000,0.000000
2136.0,2273.500000,8.702675636152146e-16,0.0000000000,0.000000
2137.0,2271.500000,8.735869644897148e-16,0.0000000000,0.000000
2138.0,2269.500000,8.769190263234719e-16,0.0000000000,0.000000
2139.0,2267.500000,8.802637974082999e-16,0.0000000000,0.000000
2140.0,2265.500000,8.836213262202052e-16,0.0000000000,0.000000
2141.0,2263.500000,8.869916614201037e-16,0.0000000000,0.000000
2142.0,2261.500000,8.903748518545043e-16,0.0000000000,0.000000
2143.0,2259.500000,8.937709465562316e-16,0.0000000000,0.000000
2144.0,2257.500000,8.971799947451326e-16,0.0000000000,0.000000
2145.0,2257.500000,9.006020458287859e-16,0.0000000000,0.000000
2146.0,2259.500000,9.040371494032337e-16,0.0000000000,0.000000
2147.0,2261.500000,9.074853552536777e-16,0.0000000000,0.000000
2148.0,2263.500000,9.109467133552117e-16,0.0000000000,0.000000
2149.0,2265.500000,9.144212738735575e-16,0.0000000000,0.000000
2150.0,2267.500000,9.179090871657686e-16,0.0000000000,0.000000
2151.0,2269.500000,9.214102037809765e-16,0.0000000000,0.000000
2152.0,2271.500000,9.249246744611179e-16,0.0000000000,0.000000
2153.0,2273.500000,9.284525501416680e-16,0.0000000000,0.000000
2154.0,2275.500000,9.319938819523924e-16,0.0000000000,0.000000
2155.0,2277.500000,9.355487212180659e-16,0.0000000000,0.000000
2156.0,2279.000000,9.391171194592284e-16,0.0000000000,0.000000
2157.0,2279.500000,9.426991283929423e-16,0.0000000000,0.000000
2158.0,2279.500000,9.462947999335187e-16,0.0000000000,0.000000
2159.0,2279.500000,9.499041861932864e-16,0.0000000000,0.000000
2160.0,2279.500000,9.535273394833421e-16,0.0000000000,0.000000
2161.0,2279.500000,9.571643123143057e-16,0.0000000000,0.000000
2162.0,2279.500000,9.608151573970958e-16,0.0000000000,0.000000
2163.0,2280.000000,9.644799276436714e-16,0.0000000000,0.000000
2164.0,2281.000000,9.681586761678095e-16,0.0000000000,0.000000
2165.0,2282.000000,9.718514562858913e-16,0.0000000000,0.000000
2166.0,2276.000000,9.755583215176310e-16,0.0000000000,0.000000
2167.0,2275.000000,9.792793255869075e-16,0.0000000000,0.000000
2168.0,2274.000000,9.830145224224985e-16,0.0000000000,0.000000
2169.0,2273.000000,9.867639661588788e-16,0.0000000000,0.000000
2170.0,2272.000000,9.905277111370165e-16,0.0000000000,0.000000
2171.0,2271.000000,9.943058119051369e-16,0.0000000000,0.000000
2172.0,2270.500000,9.980983232195241e-16,0.0000000000,0.000000
2173.0,2270.500000,1.001905300045332e-15,0.0000000000,0.000000
2174.0,2270.500000,1.005726797557336e-15,0.0000000000,0.000000
2175.0,2270.500000,1.009562871140789e-15,0.0000000000,0.000000
2176.0,2270.500000,1.013413576392179e-15,0.0000000000,0.000000
2177.0,2270.500000,1.017278969120053e-15,0.0000000000,0.000000
2178.0,2270.500000,1.021159105345836e-15,0.0000000000,0.000000
2179.0,2270.500000,1.025054041304621e-15,0.0000000000,0.000000
2180.0,2270.500000,1.028963833445991e-15,0.0000000000,0.000000
2181.0,2270.500000,1.032888538434862e-15,0.0000000000,0.000000
2182.0,2270.500000,1.036828213152251e-15,0.0000000000,0.000000
2183.0,2270.500000,1.040782914696161e-15,0.0000000000,0.000000
2184.0,2270.500000,1.044752700382365e-15,0.0000000000,0.000000
2185.0,2270.500000,1.048737627745250e-15,0.0000000000,0.000000
2186.0,2270.500000,1.052737754538667e-15,0.0000000000,0.000000
2187.0,2270.500000,1.056753138736739e-15,0.0000000000,0.000000
2188.0,2270.500000,1.060783838534715e-15,0.0000000000,0.000000
2189.0,2270.500000,1.064829912349835e-15,0.0000000000,0.000000
2190.0,2270.500000,1.068891418822122e-15,0.0000000000,0.000000
2191.0,2270.500000,1.072968416815296e-15,0.0000000000,0.000000
2192.0,2270.500000,1.077060965417581e-15,0.0000000000,0.000000
2193.0,2270.500000,1.081169123942577e-15,0.0000000000,0.000000
2194.0,2270.500000,1.085292951930136e-15,0.0000000000,0.000000
2195.0,2270.500000,1.089432509147179e-15,0.0000000000,0.000000
2196.0,2270.500000,1.093587855588622e-15,0.0000000000,0.000000
2197.0,2270.500000,1.097759051478199e-15,0.0000000000,0.000000
2198.0,2270.500000,1.101946157269349e-15,0.0000000000,0.000000
2199.0,2270.500000,1.106149233646109e-15,0.0000000000,0.000000
2200.0,2270.500000,1.110368341523966e-15,0.0000000000,0.000000
2201.0,2270.500000,1.114603542050757e-15,0.0000000000,0.000000
2202.0,2270.500000,1.118854896607549e-15,0.0000000000,0.000000
2203.0,2270.500000,1.123122466809529e-15,0.0000000000,0.000000
2204.0,2270.500000,1.127406314506910e-15,0.0000000000,0.000000
2205.0,2270.500000,1.131706501785803e-15,0.0000000000,0.000000
2206.0,2270.500000,1.136023090969129e-15,0.0000000000,0.000000
2207.0,2270.500000,1.140356144617538e-15,0.0000000000,0.000000
2208.0,2270.500000,1.144705725530287e-15,0.0000000000,0.000000
2209.0,2270.500000,1.149071896746167e-15,0.0000000000,0.000000
2210.0,2270.500000,1.153454721544414e-15,0.0000000000,0.000000
2211.0,2270.500000,1.157854263445621e-15,0.0000000000,0.000000
2212.0,2270.500000,1.162270586212678e-15,0.0000000000,0.000000
2213.0,2270.500000,1.166703753851666e-15,0.0000000000,0.000000
2214.0,2270.500000,1.171153830612801e-15,0.0000000000,0.000000
2215.0,2270.500000,1.175620880991378e-15,0.0000000000,0.000000
2216.0,2270.500000,1.180104969728676e-15,0.0000000000,0.000000
2217.0,2270.500000,1.184606161812921e-15,0.0000000000,0.000000
2218.0,2270.500000,1.189124522480214e-15,0.0000000000,0.000000
2219.0,2270.500000,1.193660117215480e-15,0.0000000000,0.000000
2220.0,2270.500000,1.198213011753432e-15,0.0000000000,0.000000
2221.0,2270.500000,1.202783272079497e-15,0.0000000000,0.000000
2222.0,2270.500000,1.207370964430784e-15,0.0000000000,0.000000
2223.0,2270.500000,1.211976155297060e-15,0.0000000000,0.000000
2224.0,2270.500000,1.216598911421687e-15,0.0000000000,0.000000
2225.0,2270.500000,1.221239299802604e-15,0.0000000000,0.000000
2226.0,2270.500000,1.225897387693297e-15,0.0000000000,0.000000
2227.0,2270.500000,1.230573242603766e-15,0.0000000000,0.000000
2228.0,2270.500000,1.235266932301526e-15,0.0000000000,0.000000
2229.0,2270.500000,1.239978524812557e-15,0.0000000000,0.000000
2230.0,2270.500000,1.244708088422307e-15,0.0000000000,0.000000
2231.0,2270.500000,1.249455691676693e-15,0.0000000000,0.000000
2232.0,2270.500000,1.254221403383069e-15,0.0000000000,0.000000
2233.0,2270.500000,1.259005292611241e-15,0.0000000000,0.000000
2234.0,2270.500000,1.263807428694463e-15,0.0000000000,0.000000
2235.0,2270.500000,1.268627881230436e-15,0.0000000000,0.000000
2236.0,2270.500000,1.273466720082343e-15,0.0000000000,0.000000
2237.0,2270.500000,1.278324015379807e-15,0.0000000000,0.000000
2238.0,2270.500000,1.283199837519976e-15,0.0000000000,0.000000
2239.0,2270.500000,1.288094257168490e-15,0.0000000000,0.000000
2240.0,2270.500000,1.293007345260521e-15,0.0000000000,0.000000
2241.0,2270.500000,1.297939173001823e-15,0.0000000000,0.000000
2242.0,2270.500000,1.302889811869728e-15,0.0000000000,0.000000
2243.0,2270.500000,1.307859333614198e-15,0.0000000000,0.000000
2244.0,2270.500000,1.312847810258889e-15,0.0000000000,0.000000
2245.0,2270.500000,1.317855314102133e-15,0.0000000000,0.000000
2246.0,2270.500000,1.322881917718064e-15,0.0000000000,0.000000
2247.0,2270.500000,1.327927693957606e-15,0.0000000000,0.000000
2248.0,2270.500000,1.332992715949555e-15,0.0000000000,0.000000
2249.0,2270.500000,1.338077057101653e-15,0.0000000000,0.000000
2250.0,2270.500000,1.343180791101621e-15,0.0000000000,0.000000
2251.0,2270.500000,1.348303991918239e-15,0.0000000000,0.000000
2252.0,2270.500000,1.353446733802445e-15,0.0000000000,0.000000
2253.0,2270.500000,1.358609091288349e-15,0.0000000000,0.000000
2254.0,2270.500000,1.363791139194388e-15,0.0000000000,0.000000
2255.0,2270.500000,1.368992952624354e-15,0.0000000000,0.000000
2256.0,2270.500000,1.374214606968500e-15,0.0000000000,0.000000
2257.0,2270.500000,1.379456177904653e-15,0.0000000000,0.000000
2258.0,2270.500000,1.384717741399275e-15,0.0000000000,0.000000
2259.0,2270.500000,1.389999373708582e-15,0.0000000000,0.000000
2260.0,2270.500000,1.395301151379670e-15,0.0000000000,0.000000
2261.0,2270.500000,1.400623151251567e-15,0.0000000000,0.000000
2262.0,2270.500000,1.405965450456418e-15,0.0000000000,0.000000
2263.0,2270.500000,1.411328126420549e-15,0.0000000000,0.000000
2264.0,2270.500000,1.416711256865605e-15,0.0000000000,0.000000
2265.0,2271.000000,1.422114919809698e-15,0.0000000000,0.000000
2266.0,2272.000000,1.427539193568502e-15,0.0000000000,0.000000
2267.0,2273.000000,1.432984156756403e-15,0.0000000000,0.000000
2268.0,2274.000000,1.438449888287666e-15,0.0000000000,0.000000
2269.0,2275.000000,1.443936467377511e-15,0.0000000000,0.000000
2270.0,2276.000000,1.449443973543344e-15,0.0000000000,0.000000
2271.0,2282.000000,1.454972486605846e-15,0.0000000000,0.000000
2272.0,2281.000000,1.460522086690152e-15,0.0000000000,0.000000
2273.0,2280.000000,1.466092854227031e-15,0.0000000000,0.000000
2274.0,2279.500000,1.471684869954014e-15,0.0000000000,0.000000
2275.0,2279.500000,1.477298214916585e-15,0.0000000000,0.000000
2276.0,2279.500000,1.482932970469379e-15,0.0000000000,0.000000
2277.0,2279.500000,1.488589218277291e-15,0.0000000000,0.000000
2278.0,2279.500000,1.494267040316750e-15,0.0000000000,0.000000
2279.0,2279.500000,1.499966518876837e-15,0.0000000000,0.000000
2280.0,2279.000000,1.505687736560509e-15,0.0000000000,0.000000
2281.0,2277.500000,1.511430776285786e-15,0.0000000000,0.000000
2282.0,2275.500000,1.517195721286956e-15,0.0000000000,0.000000
2283.0,2273.500000,1.522982655115797e-15,0.0000000000,0.000000
2284.0,2271.500000,1.528791661642754e-15,0.0000000000,0.000000
2285.0,2269.500000,1.534622825058175e-15,0.0000000000,0.000000
2286.0,2267.500000,1.540476229873545e-15,0.0000000000,0.000000
2287.0,2265.500000,1.546351960922680e-15,0.0000000000,0.000000
2288.0,2263.500000,1.552250103362975e-15,0.0000000000,0.000000
2289.0,2261.500000,1.558170742676638e-15,0.0000000000,0.000000
2290.0,2259.500000,1.564113964671917e-15,0.0000000000,0.000000
2291.0,2257.500000,1.570079855484373e-15,0.0000000000,0.000000
2292.0,2257.500000,1.576068501578086e-15,0.0000000000,0.000000
2293.0,2259.500000,1.582079989746934e-15,0.0000000000,0.000000
2294.0,2261.500000,1.588114407115863e-15,0.0000000000,0.000000
2295.0,2263.500000,1.594171841142115e-15,0.0000000000,0.000000
2296.0,2265.500000,1.600252379616522e-15,0.0000000000,0.000000
2297.0,2267.500000,1.606356110664768e-15,0.0000000000,0.000000
2298.0,2269.500000,1.612483122748665e-15,0.0000000000,0.000000
2299.0,2271.500000,1.618633504667455e-15,0.0000000000,0.000000
2300.0,2273.500000,1.624807345559064e-15,0.0000000000,0.000000
2301.0,2275.500000,1.631004734901408e-15,0.0000000000,0.000000
2302.0,2277.500000,1.637225762513715e-15,0.0000000000,0.000000
2303.0,2279.000000,1.643470518557783e-15,0.0000000000,0.000000
2304.0,2279.500000,1.649739093539313e-15,0.0000000000,0.000000
2305.0,2279.500000,1.656031578309219e-15,0.0000000000,0.000000
2306.0,2279.500000,1.662348064064931e-15,0.0000000000,0.000000
2307.0,2279.500000,1.668688642351749e-15,0.0000000000,0.000000
2308.0,2279.500000,1.675053405064127e-15,0.0000000000,0.000000
2309.0,2279.500000,1.681442444447028e-15,0.0000000000,0.000000
2310.0,2280.000000,1.687855853097274e-15,0.0000000000,0.000000
2311.0,2281.000000,1.694293723964858e-15,0.0000000000,0.000000
2312.0,2282.000000,1.700756150354307e-15,0.0000000000,0.000000
2313.0,2276.000000,1.707243225926038e-15,0.0000000000,0.000000
2314.0,2275.000000,1.713755044697699e-15,0.0000000000,0.000000
2315.0,2274.000000,1.720291701045566e-15,0.0000000000,0.000000
2316.0,2273.000000,1.726853289705868e-15,0.0000000000,0.000000
2317.0,2272.000000,1.733439905776177e-15,0.0000000000,0.000000
2318.0,2271.000000,1.740051644716813e-15,0.0000000000,0.000000
2319.0,2270.500000,1.746688602352180e-15,0.0000000000,0.000000
2320.0,2270.500000,1.753350874872187e-15,0.0000000000,0.000000
2321.0,2270.500000,1.760038558833633e-15,0.0000000000,0.000000
2322.0,2270.500000,1.766751751161600e-15,0.0000000000,0.000000
2323.0,2270.500000,1.773490549150892e-15,0.0000000000,0.000000
2324.0,2270.500000,1.780255050467370e-15,0.0000000000,0.000000
2325.0,2270.500000,1.787045353149462e-15,0.0000000000,0.000000
2326.0,2270.500000,1.793861555609512e-15,0.0000000000,0.000000
2327.0,2270.500000,1.800703756635229e-15,0.0000000000,0.000000
2328.0,2270.500000,1.807572055391143e-15,0.0000000000,0.000000
2329.0,2270.000000,1.814466551419999e-15,0.0000000000,0.000000
2330.0,2270.000000,1.821387344644220e-15,0.0000000000,0.000000
2331.0,2270.000000,1.828334535367389e-15,0.0000000000,0.000000
2332.0,2270.000000,1.835308224275613e-15,0.0000000000,0.000000
2333.0,2270.000000,1.842308512439095e-15,0.0000000000,0.000000
2334.0,2269.500000,1.849335501313511e-15,0.0000000000,0.000000
2335.0,2269.500000,1.856389292741513e-15,0.0000000000,0.000000
2336.0,2269.500000,1.863469988954228e-15,0.0000000000,0.000000
2337.0,2269.500000,1.870577692572692e-15,0.0000000000,0.000000
2338.0,2269.500000,1.877712506609360e-15,0.0000000000,0.000000
2339.0,2269.500000,1.884874534469635e-15,0.0000000000,0.000000
2340.0,2269.500000,1.892063879953275e-15,0.0000000000,0.000000
2341.0,2269.500000,1.899280647256007e-15,0.0000000000,0.000000
2342.0,2269.500000,1.906524940970957e-15,0.0000000000,0.000000
2343.0,2269.500000,1.913796866090192e-15,0.0000000000,0.000000
2344.0,2269.500000,1.921096528006264e-15,0.0000000000,0.000000
2345.0,2269.500000,1.928424032513697e-15,0.0000000000,0.000000
2346.0,2269.500000,1.935779485810537e-15,0.0000000000,0.000000
2347.0,2269.500000,1.943162994499925e-15,0.0000000000,0.000000
2348.0,2269.500000,1.950574665591558e-15,0.0000000000,0.000000
2349.0,2269.500000,1.958014606503345e-15,0.0000000000,0.000000
2350.0,2269.500000,1.965482925062883e-15,0.0000000000,0.000000
2351.0,2269.500000,1.972979729509045e-15,0.0000000000,0.000000
2352.0,2269.500000,1.980505128493580e-15,0.0000000000,0.000000
2353.0,2269.500000,1.988059231082632e-15,0.0000000000,0.000000
2354.0,2269.500000,1.995642146758349e-15,0.0000000000,0.000000
2355.0,2269.500000,2.003253985420505e-15,0.0000000000,0.000000
2356.0,2269.500000,2.010894857387995e-15,0.0000000000,0.000000
2357.0,2269.500000,2.018564873400557e-15,0.0000000000,0.000000
2358.0,2269.500000,2.026264144620279e-15,0.0000000000,0.000000
2359.0,2269.500000,2.033992782633252e-15,0.0000000000,0.000000
2360.0,2269.500000,2.041750899451202e-15,0.0000000000,0.000000
2361.0,2269.500000,2.049538607513071e-15,0.0000000000,0.000000
2362.0,2269.500000,2.057356019686670e-15,0.0000000000,0.000000
2363.0,2269.500000,2.065203249270344e-15,0.0000000000,0.000000
2364.0,2269.500000,2.073080409994528e-15,0.0000000000,0.000000
2365.0,2269.500000,2.080987616023509e-15,0.0000000000,0.000000
2366.0,2269.000000,2.088924981956989e-15,0.0000000000,0.000000
2367.0,2269.000000,2.096892622831789e-15,0.0000000000,0.000000
2368.0,2268.000000,2.104890654123506e-15,0.0000000000,0.000000
2369.0,2268.000000,2.112919191748179e-15,0.0000000000,0.000000
2370.0,2267.500000,2.120978352064003e-15,0.0000000000,0.000000
2371.0,2267.000000,2.129068251872966e-15,0.0000000000,0.000000
2372.0,2267.000000,2.137189008422563e-15,0.0000000000,0.000000
2373.0,2266.000000,2.145340739407525e-15,0.0000000000,0.000000
2374.0,2266.000000,2.153523562971473e-15,0.0000000000,0.000000
2375.0,2265.500000,2.161737597708662e-15,0.0000000000,0.000000
2376.0,2265.000000,2.169982962665693e-15,0.0000000000,0.000000
2377.0,2265.000000,2.178259777343230e-15,0.0000000000,0.000000
2378.0,2264.000000,2.186568161697767e-15,0.0000000000,0.000000
2379.0,2264.000000,2.194908236143312e-15,0.0000000000,0.000000
2380.0,2263.500000,2.203280121553159e-15,0.0000000000,0.000000
2381.0,2263.000000,2.211683939261670e-15,0.0000000000,0.000000
2382.0,2263.000000,2.220119811065975e-15,0.0000000000,0.000000
2383.0,2262.000000,2.228587859227777e-15,0.0000000000,0.000000
2384.0,2262.000000,2.237088206475111e-15,0.0000000000,0.000000
2385.0,2262.000000,2.245620976004119e-15,0.0000000000,0.000000
2386.0,2261.000000,2.254186291480865e-15,0.0000000000,0.000000
2387.0,2261.000000,2.262784277043080e-15,0.0000000000,0.000000
2388.0,2260.000000,2.271415057301983e-15,0.0000000000,0.000000
2389.0,2260.000000,2.280078757344117e-15,0.0000000000,0.000000
2390.0,2260.000000,2.288775502733106e-15,0.0000000000,0.000000
2391.0,2259.000000,2.297505419511511e-15,0.0000000000,0.000000
2392.0,2259.000000,2.306268634202651e-15,0.0000000000,0.000000
2393.0,2258.500000,2.315065273812422e-15,0.0000000000,0.000000
2394.0,2258.000000,2.323895465831178e-15,0.0000000000,0.000000
2395.0,2258.000000,2.332759338235525e-15,0.0000000000,0.000000
2396.0,2257.000000,2.341657019490198e-15,0.0000000000,0.000000
2397.0,2257.000000,2.350588638549956e-15,0.0000000000,0.000000
2398.0,2256.500000,2.359554324861393e-15,0.0000000000,0.000000
2399.0,2256.000000,2.368554208364852e-15,0.0000000000,0.000000
2400.0,2256.000000,2.377588419496296e-15,0.0000000000,0.000000
2401.0,2255.000000,2.386657089189193e-15,0.0000000000,0.000000
2402.0,2255.000000,2.395760348876451e-15,0.0000000000,0.000000
2403.0,2254.500000,2.404898330492263e-15,0.0000000000,0.000000
2404.0,2254.000000,2.414071166474049e-15,0.0000000000,0.000000
2405.0,2254.000000,2.423278989764417e-15,0.0000000000,0.000000
2406.0,2253.000000,2.432521933812978e-15,0.0000000000,0.000000
2407.0,2253.000000,2.441800132578421e-15,0.0000000000,0.000000
2408.0,2252.500000,2.451113720530343e-15,0.0000000000,0.000000
2409.0,2252.000000,2.460462832651240e-15,0.0000000000,0.000000
2410.0,2252.000000,2.469847604438504e-15,0.0000000000,0.000000
2411.0,2251.000000,2.479268171906271e-15,0.0000000000,0.000000
2412.0,2251.500000,2.488724671587539e-15,0.0000000000,0.000000
2413.0,2252.500000,2.498217240536036e-15,0.0000000000,0.000000
2414.0,2252.500000,2.507746016328241e-15,0.0000000000,0.000000
2415.0,2253.500000,2.517311137065413e-15,0.0000000000,0.000000
2416.0,2254.000000,2.526912741375531e-15,0.0000000000,0.000000
2417.0,2253.500000,2.536550968415332e-15,0.0000000000,0.000000
2418.0,2253.500000,2.546225957872372e-15,0.0000000000,0.000000
2419.0,2253.000000,2.555937849966933e-15,0.0000000000,0.000000
2420.0,2253.000000,2.565686785454203e-15,0.0000000000,0.000000
2421.0,2253.000000,2.575472905626200e-15,0.0000000000,0.000000
2422.0,2252.500000,2.585296352313865e-15,0.0000000000,0.000000
2423.0,2252.500000,2.595157267889143e-15,0.0000000000,0.000000
2424.0,2252.000000,2.605055795266989e-15,0.0000000000,0.000000
2425.0,2251.000000,2.614992077907468e-15,0.0000000000,0.000000
2426.0,2250.000000,2.624966259817876e-15,0.0000000000,0.000000
2427.0,2249.000000,2.634978485554714e-15,0.0000000000,0.000000
2428.0,2247.500000,2.645028900225927e-15,0.0000000000,0.000000
2429.0,2245.500000,2.655117649492894e-15,0.0000000000,0.000000
2430.0,2243.500000,2.665244879572578e-15,0.0000000000,0.000000
2431.0,2241.500000,2.675410737239683e-15,0.0000000000,0.000000
2432.0,2239.500000,2.685615369828709e-15,0.0000000000,0.000000
2433.0,2237.500000,2.695858925236127e-15,0.0000000000,0.000000
2434.0,2235.500000,2.706141551922560e-15,0.0000000000,0.000000
2435.0,2233.500000,2.716463398914820e-15,0.0000000000,0.000000
2436.0,2231.500000,2.726824615808217e-15,0.0000000000,0.000000
2437.0,2229.500000,2.737225352768608e-15,0.0000000000,0.000000
2438.0,2227.500000,2.747665760534617e-15,0.0000000000,0.000000
2439.0,2227.500000,2.758145990419855e-15,0.0000000000,0.000000
2440.0,2229.500000,2.768666194315040e-15,0.0000000000,0.000000
2441.0,2231.500000,2.779226524690242e-15,0.0000000000,0.000000
2442.0,2233.500000,2.789827134597127e-15,0.0000000000,0.000000
2443.0,2235.500000,2.800468177671060e-15,0.0000000000,0.000000
2444.0,2237.000000,2.811149808133483e-15,0.0000000000,0.000000
2445.0,2237.500000,2.821872180794031e-15,0.0000000000,0.000000
2446.0,2237.500000,2.832635451052816e-15,0.0000000000,0.000000
2447.0,2237.500000,2.843439774902730e-15,0.0000000000,0.000000
2448.0,2238.000000,2.854285308931577e-15,0.0000000000,0.000000
2449.0,2238.000000,2.865172210324502e-15,0.0000000000,0.000000
2450.0,2238.000000,2.876100636866147e-15,0.0000000000,0.000000
2451.0,2238.500000,2.887070746942976e-15,0.0000000000,0.000000
2452.0,2239.500000,2.898082699545617e-15,0.0000000000,0.000000
2453.0,2241.000000,2.909136654271084e-15,0.0000000000,0.000000
2454.0,2234.500000,2.920232771325146e-15,0.0000000000,0.000000
2455.0,2225.000000,2.931371211524632e-15,0.0000000000,0.000000
2456.0,2222.500000,2.942552136299752e-15,0.0000000000,0.000000
2457.0,2220.000000,2.953775707696484e-15,0.0000000000,0.000000
2458.0,2217.000000,2.965042088378851e-15,0.0000000000,0.000000
2459.0,2214.500000,2.976351441631313e-15,0.0000000000,0.000000
2460.0,2212.000000,2.987703931361171e-15,0.0000000000,0.000000
2461.0,2209.500000,2.999099722100872e-15,0.0000000000,0.000000
2462.0,2207.000000,3.010538979010436e-15,0.0000000000,0.000000
2463.0,2204.000000,3.022021867879843e-15,0.0000000000,0.000000
2464.0,2201.500000,3.033548555131424e-15,0.0000000000,0.000000
2465.0,2199.000000,3.045119207822318e-15,0.0000000000,0.000000
2466.0,2197.000000,3.056733993646821e-15,0.0000000000,0.000000
2467.0,2195.500000,3.068393080938853e-15,0.0000000000,0.000000
2468.0,2194.000000,3.080096638674439e-15,0.0000000000,0.000000
2469.0,2192.000000,3.091844836474078e-15,0.0000000000,0.000000
2470.0,2190.500000,3.103637844605251e-15,0.0000000000,0.000000
2471.0,2189.000000,3.115475833984882e-15,0.0000000000,0.000000
2472.0,2187.500000,3.127358976181797e-15,0.0000000000,0.000000
2473.0,2186.000000,3.139287443419263e-15,0.0000000000,0.000000
2474.0,2184.500000,3.151261408577409e-15,0.0000000000,0.000000
2475.0,2182.500000,3.163281045195767e-15,0.0203641591,2.036416
2476.0,2181.000000,3.175346527475830e-15,0.0207235266,2.072353
2477.0,2179.500000,3.187458030283493e-15,0.0210828941,2.108289
2478.0,2178.000000,3.199615729151646e-15,0.0214422616,2.144226
2479.0,2176.500000,3.211819800282702e-15,0.0218016291,2.180163
2480.0,2175.000000,3.224070420551134e-15,0.0221609966,2.216100
2481.0,2173.000000,3.236367767506098e-15,0.0226401533,2.264015
2482.0,2171.500000,3.248712019373922e-15,0.0229995208,2.299952
2483.0,2170.000000,3.261103355060730e-15,0.0233588884,2.335889
2484.0,2168.500000,3.273541954155077e-15,0.0237182559,2.371826
2485.0,2167.000000,3.286027996930469e-15,0.0240776234,2.407762
2486.0,2165.500000,3.298561664348028e-15,0.0244369909,2.443699
2487.0,2163.500000,3.311143138059107e-15,0.0249161476,2.491615
2488.0,2162.000000,3.323772600407903e-15,0.0252755151,2.527552
2489.0,2160.500000,3.336450234434170e-15,0.0256348826,2.563488
2490.0,2159.000000,3.349176223875725e-15,0.0259942501,2.599425
2491.0,2157.500000,3.361950753171297e-15,0.0263536176,2.635362
2492.0,2155.500000,3.374774007463050e-15,0.0268327743,2.683277
2493.0,2154.000000,3.387646172599328e-15,0.0271921418,2.719214
2494.0,2152.500000,3.400567435137380e-15,0.0275515093,2.755151
2495.0,2151.000000,3.413537982345988e-15,0.0279108769,2.791088
2496.0,2149.500000,3.426558002208220e-15,0.0282702444,2.827024
2497.0,2148.000000,3.439627683424211e-15,0.0286296119,2.862961
2498.0,2146.000000,3.452747215413741e-15,0.0291087686,2.910877
2499.0,2144.500000,3.465916788319184e-15,0.0294681361,2.946814
2500.0,2143.000000,3.479136593008099e-15,0.0298275036,2.982750
2501.0,2141.500000,3.492406821076062e-15,0.0301868711,3.018687
2502.0,2140.000000,3.505727664849478e-15,0.0305462386,3.054624
2503.0,2138.500000,3.519099317388289e-15,0.0309056061,3.090561
2504.0,2136.500000,3.532521972488811e-15,0.0313847628,3.138476
2505.0,2135.000000,3.545995824686602e-15,0.0317441303,3.174413
2506.0,2133.500000,3.559521069259120e-15,0.0321034978,3.210350
2507.0,2131.500000,3.573097902228762e-15,0.0325826545,3.258265
2508.0,2129.000000,3.586726520365536e-15,0.0331816004,3.318160
2509.0,2126.500000,3.600407121189980e-15,0.0337805462,3.378055
2510.0,2124.000000,3.614139902976064e-15,0.0343794921,3.437949
2511.0,2121.500000,3.627925064753975e-15,0.0349784379,3.497844
2512.0,2119.000000,3.641762806313048e-15,0.0355773838,3.557738
2513.0,2116.500000,3.655653328204723e-15,0.0361763297,3.617633
2514.0,2114.000000,3.669596831745278e-15,0.0367752755,3.677528
2515.0,2111.500000,3.683593519018967e-15,0.0373742214,3.737422
2516.0,2109.000000,3.697643592880780e-15,0.0379731672,3.797317
2517.0,2106.500000,3.711747256959443e-15,0.0385721131,3.857211
2518.0,2103.500000,3.725904715660411e-15,0.0392908481,3.929085
2519.0,2100.000000,3.740116174168746e-15,0.0401293723,4.012937
2520.0,2096.500000,3.754381838452132e-15,0.0409678965,4.096790
2521.0,2093.500000,3.768701915263921e-15,0.0416866315,4.168663
2522.0,2090.000000,3.783076612145965e-15,0.0425251557,4.252516
2523.0,2086.500000,3.797506137431834e-15,0.0433636799,4.336368
2524.0,2083.000000,3.811990700249672e-15,0.0442022041,4.420220
2525.0,2079.500000,3.826530510525281e-15,0.0450407283,4.504073
2526.0,2076.000000,3.841125778985217e-15,0.0458792525,4.587925
2527.0,2072.500000,3.855776717159751e-15,0.0467177767,4.671778
2528.0,2069.500000,3.870483537385975e-15,0.0474365117,4.743651
2529.0,2066.000000,3.885246452810951e-15,0.0482750359,4.827504
2530.0,2062.500000,3.900065677394618e-15,0.0491135601,4.911356
2531.0,2059.000000,3.914941425913123e-15,0.0499520843,4.995208
2532.0,2055.500000,3.929873913961751e-15,0.0507906085,5.079061
2533.0,2052.500000,3.944863357958135e-15,0.0515093436,5.150934
2534.0,2049.000000,3.959909975145375e-15,0.0523478678,5.234787
2535.0,2045.500000,3.975013983595167e-15,0.0531863920,5.318639
2536.0,2042.000000,3.990175602211037e-15,0.0540249161,5.402492
2537.0,2038.500000,4.005395050731406e-15,0.0548634403,5.486344
2538.0,2035.500000,4.020672549732828e-15,0.0555821754,5.558218
2539.0,2032.000000,4.036008320633239e-15,0.0564206996,5.642070
2540.0,2028.500000,4.051402585695062e-15,0.0572592238,5.725922
2541.0,2025.000000,4.066855568028498e-15,0.0580977480,5.809775
2542.0,2021.500000,4.082367491594740e-15,0.0589362722,5.893627
2543.0,2018.000000,4.097938581209207e-15,0.0597747964,5.977480
2544.0,2015.000000,4.113569062544862e-15,0.0604935314,6.049353
2545.0,2011.500000,4.129259162135389e-15,0.0613320556,6.133206
2546.0,2008.000000,4.145009107378522e-15,0.0621705798,6.217058
2547.0,2004.500000,4.160819126539396e-15,0.0630091040,6.300910
2548.0,2001.000000,4.176689448753747e-15,0.0638476282,6.384763
2549.0,1997.500000,4.192620304031306e-15,0.0646861524,6.468615
2550.0,1994.500000,4.208611923259117e-15,0.0654048874,6.540489
2551.0,1991.000000,4.224664538204857e-15,0.0662434116,6.624341
2552.0,1987.500000,4.240778381520276e-15,0.0670819358,6.708194
2553.0,1984.000000,4.256953686744455e-15,0.0679204600,6.792046
2554.0,1980.500000,4.273190688307251e-15,0.0687589842,6.875898
2555.0,1977.500000,4.289489621532740e-15,0.0694777192,6.947772
2556.0,1974.000000,4.305850722642525e-15,0.0703162434,7.031624
2557.0,1970.500000,4.322274228759232e-15,0.0711547676,7.115477
2558.0,1967.000000,4.338760377909927e-15,0.0719932918,7.199329
2559.0,1963.000000,4.355309409029549e-15,0.0729516052,7.295161
2560.0,1959.000000,4.371921561964440e-15,0.0739099185,7.390992
2561.0,1954.500000,4.388597077475722e-15,0.0749880211,7.498802
2562.0,1950.000000,4.405336197242831e-15,0.0760661236,7.606612
2563.0,1945.500000,4.422139163867082e-15,0.0771442262,7.714423
2564.0,1941.000000,4.439006220875071e-15,0.0782223287,7.822233
2565.0,1936.500000,4.455937612722279e-15,0.0793004312,7.930043
2566.0,1932.000000,4.472933584796596e-15,0.0803785338,8.037853
2567.0,1928.000000,4.489994383421860e-15,0.0813368471,8.133685
2568.0,1923.500000,4.507120255861501e-15,0.0824149497,8.241495
2569.0,1919.000000,4.524311450322012e-15,0.0834930522,8.349305
2570.0,1914.500000,4.541568215956602e-15,0.0845711548,8.457115
2571.0,1910.000000,4.558890802868866e-15,0.0856492573,8.564926
2572.0,1906.000000,4.576279462116293e-15,0.0866075707,8.660757
2573.0,1903.000000,4.593734445713983e-15,0.0873263057,8.732631
2574.0,1900.000000,4.611256006638280e-15,0.0880450407,8.804504
2575.0,1898.000000,4.628844398830420e-15,0.0885241974,8.852420
2576.0,1896.000000,4.646499877200304e-15,0.0890033541,8.900335
2577.0,1894.500000,4.664222697629982e-15,0.0893627216,8.936272
2578.0,1893.000000,4.682013116977636e-15,0.0897220891,8.972209
2579.0,1891.000000,4.699871393081086e-15,0.0902012458,9.020125
2580.0,1889.500000,4.717797784761601e-15,0.0905606133,9.056061
2581.0,1881.000000,4.735792551827718e-15,0.0925970292,9.259703
2582.0,1871.000000,4.753855955078880e-15,0.0949928126,9.499281
2583.0,1867.000000,4.771988256309282e-15,0.0959511260,9.595113
2584.0,1863.500000,4.790189718311741e-15,0.0967896502,9.678965
2585.0,1860.500000,4.808460604881286e-15,0.0975083852,9.750839
2586.0,1859.500000,4.826801180819262e-15,0.0977479636,9.774796
2587.0,1858.000000,4.845211711936946e-15,0.0981073311,9.810733
2588.0,1857.000000,4.863692465059484e-15,0.0983469094,9.834691
2589.0,1855.500000,4.882243708029808e-15,0.0987062770,9.870628
2590.0,1854.000000,4.900865709712410e-15,0.0990656445,9.906564
2591.0,1853.000000,4.919558739997292e-15,0.0993052228,9.930522
2592.0,1851.500000,4.938323069803957e-15,0.0996645903,9.966459
2593.0,1850.000000,4.957158971085120e-15,0.1000239578,10.002396
2594.0,1849.000000,4.976066716830923e-15,0.1002635362,10.026354
2595.0,1845.000000,4.995046581072677e-15,0.1012218495,10.122185
2596.0,1840.000000,5.014098838886913e-15,0.1024197413,10.241974
2597.0,1835.000000,5.033223766399424e-15,0.1036176330,10.361763
2598.0,1829.500000,5.052421640789153e-15,0.1049353138,10.493531
2599.0,1823.500000,5.071692740292267e-15,0.1063727839,10.637278
2600.0,1818.500000,5.091037344206269e-15,0.1075706756,10.757068
2601.0,1812.500000,5.110455732893826e-15,0.1090081457,10.900815
2602.0,1806.500000,5.129948187787114e-15,0.1104456157,11.044562
2603.0,1801.500000,5.149514991391677e-15,0.1116435074,11.164351
2604.0,1795.500000,5.169156427290598e-15,0.1130809775,11.308098
2605.0,1789.500000,5.188872780148675e-15,0.1145184475,11.451845
2606.0,1784.500000,5.208664335716419e-15,0.1157163392,11.571634
2607.0,1778.500000,5.228531380834259e-15,0.1171538093,11.715381
2608.0,1772.500000,5.248474203436784e-15,0.1185912793,11.859128
2609.0,1767.500000,5.268493092556687e-15,0.1197891711,11.978917
2610.0,1761.500000,5.288588338329242e-15,0.1212266411,12.122664
2611.0,1756.000000,5.308760231996283e-15,0.1225443220,12.254432
2612.0,1750.500000,5.329009065910508e-15,0.1238620029,12.386200
2613.0,1745.000000,5.349335133539777e-15,0.1251796838,12.517968
2614.0,1740.500000,5.369738729471242e-15,0.1262577863,12.625779
2615.0,1736.000000,5.390220149415679e-15,0.1273358888,12.733589
2616.0,1731.000000,5.410779690211857e-15,0.1285337805,12.853378
2617.0,1726.500000,5.431417649830605e-15,0.1296118831,12.961188
2618.0,1722.000000,5.452134327379436e-15,0.1306899856,13.068999
2619.0,1717.000000,5.472930023106638e-15,0.1318878773,13.188788
2620.0,1712.500000,5.493805038405738e-15,0.1329659799,13.296598
2621.0,1708.000000,5.514759675819847e-15,0.1340440824,13.404408
2622.0,1703.000000,5.535794239046023e-15,0.1352419741,13.524197
2623.0,1698.500000,5.556909032939763e-15,0.1363200767,13.632008
2624.0,1694.000000,5.578104363519283e-15,0.1373981792,13.739818
2625.0,1689.000000,5.599380537970024e-15,0.1385960709,13.859607
2626.0,1684.500000,5.620737864649172e-15,0.1396741735,13.967417
2627.0,1680.000000,5.642176653089990e-15,0.1407522760,14.075228
2628.0,1675.000000,5.663697214006392e-15,0.1419501677,14.195017
2629.0,1670.500000,5.685299859297432e-15,0.1430282702,14.302827
2630.0,1666.000000,5.706984902051790e-15,0.1441063728,14.410637
2631.0,1661.000000,5.728752656552411e-15,0.1453042645,14.530426
2632.0,1657.000000,5.750603438280917e-15,0.1462625779,14.626258
2633.0,1652.000000,5.772537563922250e-15,0.1474604696,14.746047
2634.0,1647.000000,5.794555351369330e-15,0.1486583613,14.865836
2635.0,1643.000000,5.816657119727525e-15,0.1496166747,14.961667
2636.0,1638.000000,5.838843189319368e-15,0.1508145664,15.081457
2637.0,1633.000000,5.861113881689175e-15,0.1520124581,15.201246
2638.0,1629.000000,5.883469519607682e-15,0.1529707714,15.297077
2639.0,1624.000000,5.905910427076819e-15,0.1541686632,15.416866
2640.0,1619.000000,5.928436929334262e-15,0.1553665549,15.536655
2641.0,1615.000000,5.951049352858219e-15,0.1563248682,15.632487
2642.0,1610.000000,5.973748025372234e-15,0.1575227599,15.752276
2643.0,1605.500000,5.996533275849788e-15,0.1586008625,15.860086
2644.0,1601.000000,6.019405434519172e-15,0.1596789650,15.967897
2645.0,1596.000000,6.042364832868238e-15,0.1608768567,16.087686
2646.0,1591.500000,6.065411803649190e-15,0.1619549593,16.195496
2647.0,1587.000000,6.088546680883496e-15,0.1630330618,16.303306
2648.0,1582.000000,6.111769799866585e-15,0.1642309535,16.423095
2649.0,1577.500000,6.135081497172781e-15,0.1653090561,16.530906
2650.0,1573.000000,6.158482110660255e-15,0.1663871586,16.638716
2651.0,1568.000000,6.181971979475769e-15,0.1675850503,16.758505
2652.0,1563.500000,6.205551444059698e-15,0.1686631529,16.866315
2653.0,1559.000000,6.229220846150932e-15,0.1697412554,16.974126
2654.0,1554.000000,6.252980528791807e-15,0.1709391471,17.093915
2655.0,1549.500000,6.276830836333179e-15,0.1720172496,17.201725
2656.0,1545.000000,6.300772114439261e-15,0.1730953522,17.309535
2657.0,1540.500000,6.324804710092706e-15,0.1741734547,17.417345
2658.0,1535.500000,6.348928971599744e-15,0.1753713464,17.537135
2659.0,1531.500000,6.373145248594945e-15,0.1763296598,17.632966
2660.0,1526.500000,6.397453892046645e-15,0.1775275515,17.752755
2661.0,1522.000000,6.421855254261752e-15,0.1786056540,17.860565
2662.0,1517.500000,6.446349688890953e-15,0.1796837566,17.968376
2663.0,1512.500000,6.470937550933944e-15,0.1808816483,18.088165
2664.0,1508.500000,6.495619196744289e-15,0.1818399617,18.183996
2665.0,1503.500000,6.520394984034950e-15,0.1830378534,18.303785
2666.0,1499.000000,6.545265271883185e-15,0.1841159559,18.411596
2667.0,1494.500000,6.570230420735850e-15,0.1851940585,18.519406
2668.0,1489.500000,6.595290792414716e-15,0.1863919502,18.639195
2669.0,1485.500000,6.620446750121538e-15,0.1873502635,18.735026
2670.0,1480.500000,6.645698658443411e-15,0.1885481552,18.854816
2671.0,1476.000000,6.671046883358156e-15,0.1896262578,18.962626
2672.0,1471.500000,6.696491792239324e-15,0.1907043603,19.070436
2673.0,1467.000000,6.722033753861911e-15,0.1917824629,19.178246
2674.0,1462.500000,6.747673138407391e-15,0.1928605654,19.286057
2675.0,1457.500000,6.773410317469197e-15,0.1940584571,19.405846
2676.0,1453.500000,6.799245664058187e-15,0.1950167705,19.501677
2677.0,1448.500000,6.825179552607887e-15,0.1962146622,19.621466
2678.0,1444.000000,6.851212358979996e-15,0.1972927647,19.729276
2679.0,1439.500000,6.877344460469952e-15,0.1983708673,19.837087
2680.0,1435.000000,6.903576235812083e-15,0.1994489698,19.944897
2681.0,1430.500000,6.929908065185497e-15,0.2005270724,20.052707
2682.0,1425.500000,6.956340330219279e-15,0.2017249641,20.172496
2683.0,1421.500000,6.982873413998138e-15,0.2026832774,20.268328
2684.0,1416.500000,7.009507701068037e-15,0.2038811691,20.388117
2685.0,1412.000000,7.036243577441602e-15,0.2049592717,20.495927
2686.0,1407.500000,7.063081430603801e-15,0.2060373742,20.603737
2687.0,1403.000000,7.090021649517674e-15,0.2071154768,20.711548
2688.0,1398.500000,7.117064624629653e-15,0.2081935793,20.819358
2689.0,1393.500000,7.144210747875624e-15,0.2093914710,20.939147
2690.0,1389.500000,7.171460412686292e-15,0.2103497844,21.034978
2691.0,1384.500000,7.198814013992997e-15,0.2115476761,21.154768
2692.0,1380.500000,7.226271948233526e-15,0.2125059895,21.250599
2693.0,1375.500000,7.253834613357682e-15,0.2137038812,21.370388
2694.0,1371.000000,7.281502408833143e-15,0.2147819837,21.478198
2695.0,1366.500000,7.309275735651362e-15,0.2158600862,21.586009
2696.0,1361.500000,7.337154996333063e-15,0.2170579780,21.705798
2697.0,1357.500000,7.365140594934483e-15,0.2180162913,21.801629
2698.0,1352.500000,7.393232937052902e-15,0.2192141830,21.921418
2699.0,1348.500000,7.421432429832642e-15,0.2201724964,22.017250
2700.0,1343.500000,7.449739481971091e-15,0.2213703881,22.137039
2701.0,1339.000000,7.478154503724286e-15,0.2224484907,22.244849
2702.0,1334.500000,7.506677906913291e-15,0.2235265932,22.352659
2703.0,1329.500000,7.535310104929826e-15,0.2247244849,22.472448
2704.0,1325.500000,7.564051512742384e-15,0.2256827983,22.568280
2705.0,1320.500000,7.592902546902336e-15,0.2268806900,22.688069
2706.0,1316.000000,7.621863625549782e-15,0.2279587925,22.795879
2707.0,1310.000000,7.650935168419736e-15,0.2293962626,22.939626
2708.0,1304.500000,7.680117596848180e-15,0.2307139435,23.071394
2709.0,1299.000000,7.709411333778131e-15,0.2320316243,23.203162
2710.0,1293.000000,7.738816803765909e-15,0.2334690944,23.346909
2711.0,1288.000000,7.768334432987093e-15,0.2346669861,23.466699
2712.0,1282.000000,7.797964649242791e-15,0.2361044562,23.610446
2713.0,1277.000000,7.827707881965943e-15,0.2373023479,23.730235
2714.0,1271.000000,7.857564562227345e-15,0.2387398179,23.873982
2715.0,1265.500000,7.887535122742032e-15,0.2400574988,24.005750
2716.0,1260.000000,7.917619997875509e-15,0.2413751797,24.137518
2717.0,1254.000000,7.947819623650026e-15,0.2428126497,24.281265
2718.0,1249.000000,7.978134437751012e-15,0.2440105414,24.401054
2719.0,1243.000000,8.008564879533234e-15,0.2454480115,24.544801
2720.0,1238.000000,8.039111390027263e-15,0.2466459032,24.664590
2721.0,1232.000000,8.069774411945956e-15,0.2480833733,24.808337
2722.0,1229.000000,8.100554389690679e-15,0.2488021083,24.880211
2723.0,1227.000000,8.131451769357887e-15,0.2492812650,24.928126
2724.0,1224.500000,8.162466998745543e-15,0.2498802108,24.988021
2725.0,1222.500000,8.193600527359583e-15,0.2503593675,25.035937
2726.0,1220.000000,8.224852806420563e-15,0.2509583134,25.095831
2727.0,1218.000000,8.256224288869997e-15,0.2514374701,25.143747
2728.0,1215.500000,8.287715429377024e-15,0.2520364159,25.203642
2729.0,1213.000000,8.319326684345094e-15,0.2526353618,25.263536
2730.0,1211.000000,8.351058511918387e-15,0.2531145184,25.311452
2731.0,1189.500000,8.382911371988580e-15,0.2582654528,25.826545
2732.0,1185.500000,8.414885726201486e-15,0.2592237662,25.922377
2733.0,1183.000000,8.446982037963706e-15,0.2598227120,25.982271
2734.0,1183.000000,8.479200772449483e-15,0.2598227120,25.982271
2735.0,1182.000000,8.511542396607242e-15,0.2600622904,26.006229
2736.0,1181.000000,8.544007379166449e-15,0.2603018687,26.030187
2737.0,1180.500000,8.576596190644525e-15,0.2604216579,26.042166
2738.0,1179.500000,8.609309303353443e-15,0.2606612362,26.066124
2739.0,1178.500000,8.642147191406719e-15,0.2609008146,26.090081
2740.0,1177.500000,8.675110330726245e-15,0.2611403929,26.114039
2741.0,1176.500000,8.708199199049158e-15,0.2613799713,26.137997
2742.0,1174.500000,8.741414275934899e-15,0.2618591279,26.185913
2743.0,1170.500000,8.774756042771949e-15,0.2628174413,26.281744
2744.0,1166.500000,8.808224982784955e-15,0.2637757547,26.377575
2745.0,1161.500000,8.841821581041691e-15,0.2649736464,26.497365
2746.0,1156.500000,8.875546324460061e-15,0.2661715381,26.617154
2747.0,1152.000000,8.909399701815287e-15,0.2672496406,26.724964
2748.0,1147.000000,8.943382203746787e-15,0.2684475323,26.844753
2749.0,1142.000000,8.977494322765393e-15,0.2696454241,26.964542
2750.0,1137.000000,9.011736553260628e-15,0.2708433158,27.084332
2751.0,1132.500000,9.046109391507477e-15,0.2719214183,27.192142
2752.0,1127.500000,9.080613335674090e-15,0.2731193100,27.311931
2753.0,1122.500000,9.115248885828595e-15,0.2743172017,27.431720
2754.0,1118.000000,9.150016543946497e-15,0.2753953043,27.539530
2755.0,1113.000000,9.184916813918061e-15,0.2765931960,27.659320
2756.0,1108.000000,9.219950201555396e-15,0.2777910877,27.779109
2757.0,1103.000000,9.255117214599891e-15,0.2789889794,27.898898
2758.0,1098.500000,9.290418362729733e-15,0.2800670819,28.006708
2759.0,1093.500000,9.325854157566869e-15,0.2812649736,28.126497
2760.0,1089.000000,9.361425112684960e-15,0.2823430762,28.234308
2761.0,1085.500000,9.397131743616402e-15,0.2831816004,28.318160
2762.0,1081.500000,9.432974567859948e-15,0.2841399138,28.413991
2763.0,1077.500000,9.468954104888328e-15,0.2850982271,28.509823
2764.0,1073.500000,9.505070876155544e-15,0.2860565405,28.605654
2765.0,1070.000000,9.541325405104543e-15,0.2868950647,28.689506
2766.0,1066.000000,9.577718217174959e-15,0.2878533781,28.785338
2767.0,1062.000000,9.614249839810304e-15,0.2888116914,28.881169
2768.0,1058.500000,9.650920802466151e-15,0.2896502156,28.965022
2769.0,1054.500000,9.687731636617384e-15,0.2906085290,29.060853
2770.0,1050.500000,9.724682875766054e-15,0.2915668424,29.156684
2771.0,1047.000000,9.761775055449229e-15,0.2924053666,29.240537
2772.0,1043.000000,9.799008713246519e-15,0.2933636799,29.336368
2773.0,1039.000000,9.836384388787991e-15,0.2943219933,29.432199
2774.0,1035.000000,9.873902623762142e-15,0.2952803067,29.528031
2775.0,1031.500000,9.911563961923312e-15,0.2961188309,29.611883
2776.0,1027.500000,9.949368949100127e-15,0.2970771442,29.707714
2777.0,1023.500000,9.987318133202971e-15,0.2980354576,29.803546
2778.0,1020.000000,1.002541206423208e-14,0.2988739818,29.887398
2779.0,1016.000000,1.006365129428564e-14,0.2998322952,29.983230
2780.0,1012.000000,1.010203637756755e-14,0.3007906085,30.079061
2781.0,1008.000000,1.014056787039557e-14,0.3017489219,30.174892
2782.0,1004.500000,1.017924633120953e-14,0.3025874461,30.258745
2783.0,1000.500000,1.021807232057902e-14,0.3035457595,30.354576
2784.0,996.500000,1.025704640121203e-14,0.3045040728,30.450407
2785.0,993.000000,1.029616913796271e-14,0.3053425970,30.534260
2786.0,989.000000,1.033544109783971e-14,0.3063009104,30.630091
2787.0,985.000000,1.037486285001441e-14,0.3072592238,30.725922
2788.0,981.500000,1.041443496582906e-14,0.3080977480,30.809775
2789.0,977.500000,1.045415801880531e-14,0.3090560613,30.905606
2790.0,973.500000,1.049403258465220e-14,0.3100143747,31.001437
2791.0,969.500000,1.053405924127465e-14,0.3109726881,31.097269
2792.0,966.000000,1.057423856878201e-14,0.3118112123,31.181121
2793.0,962.000000,1.061457114949612e-14,0.3127695256,31.276953
2794.0,958.000000,1.065505756796002e-14,0.3137278390,31.372784
2795.0,954.500000,1.069569841094630e-14,0.3145663632,31.456636
2796.0,950.500000,1.073649426746560e-14,0.3155246766,31.552468
2797.0,946.500000,1.077744572877531e-14,0.3164829899,31.648299
2798.0,942.500000,1.081855338838791e-14,0.3174413033,31.744130
2799.0,939.000000,1.085981784207962e-14,0.3182798275,31.827983
2800.0,935.000000,1.090123968789927e-14,0.3192381409,31.923814
2801.0,931.000000,1.094281952617662e-14,0.3201964542,32.019645
2802.0,928.000000,1.098455795953130e-14,0.3209151893,32.091519
2803.0,924.000000,1.102645559288143e-14,0.3218735026,32.187350
2804.0,920.500000,1.106851303345242e-14,0.3227120268,32.271203
2805.0,917.000000,1.111073089078590e-14,0.3235505510,32.355055
2806.0,913.000000,1.115310977674828e-14,0.3245088644,32.450886
2807.0,909.500000,1.119565030553979e-14,0.3253473886,32.534739
2808.0,905.500000,1.123835309370350e-14,0.3263057020,32.630570
2809.0,902.500000,1.128121876013396e-14,0.3270244370,32.702444
2810.0,898.500000,1.132424792608639e-14,0.3279827504,32.798275
2811.0,895.000000,1.136744121518561e-14,0.3288212746,32.882127
2812.0,891.000000,1.141079925343505e-14,0.3297795879,32.977959
2813.0,888.000000,1.145432266922600e-14,0.3304983230,33.049832
2814.0,884.500000,1.149801209334642e-14,0.3313368471,33.133685
2815.0,881.000000,1.154186815899028e-14,0.3321753713,33.217537
2816.0,877.500000,1.158589150176680e-14,0.3330138955,33.301390
2817.0,874.000000,1.163008275970943e-14,0.3338524197,33.385242
2818.0,871.000000,1.167444257328529e-14,0.3345711548,33.457115
2819.0,867.000000,1.171897158540437e-14,0.3355294681,33.552947
2820.0,864.000000,1.176367044142883e-14,0.3362482032,33.624820
2821.0,860.000000,1.180853978918252e-14,0.3372065165,33.720652
2822.0,857.000000,1.185358027896011e-14,0.3379252516,33.792525
2823.0,853.500000,1.189879256353664e-14,0.3387637758,33.876378
2824.0,850.000000,1.194417729817713e-14,0.3396023000,33.960230
2825.0,846.500000,1.198973514064577e-14,0.3404408241,34.044082
2826.0,843.000000,1.203546675121569e-14,0.3412793483,34.127935
2827.0,840.000000,1.208137279267844e-14,0.3419980834,34.199808
2828.0,836.000000,1.212745393035355e-14,0.3429563967,34.295640
2829.0,833.000000,1.217371083209844e-14,0.3436751318,34.367513
2830.0,829.000000,1.222014416831756e-14,0.3446334451,34.463345
2831.0,826.000000,1.226675461197275e-14,0.3453521802,34.535218
2832.0,822.500000,1.231354283859252e-14,0.3461907044,34.619070
2833.0,819.000000,1.236050952628197e-14,0.3470292286,34.702923
2834.0,815.500000,1.240765535573282e-14,0.3478677528,34.786775
2835.0,812.000000,1.245498101023294e-14,0.3487062770,34.870628
2836.0,809.000000,1.250248717567642e-14,0.3494250120,34.942501
2837.0,805.000000,1.255017454057373e-14,0.3503833253,35.038333
2838.0,802.000000,1.259804379606110e-14,0.3511020604,35.110206
2839.0,798.000000,1.264609563591127e-14,0.3520603737,35.206037
2840.0,795.000000,1.269433075654299e-14,0.3527791088,35.277911
2841.0,791.000000,1.274274985703132e-14,0.3537374221,35.373742
2842.0,788.000000,1.279135363911789e-14,0.3544561572,35.445616
2843.0,784.500000,1.284014280722080e-14,0.3552946814,35.529468
2844.0,781.000000,1.288911806844494e-14,0.3561332056,35.613321
2845.0,778.000000,1.293828013259248e-14,0.3568519406,35.685194
2846.0,774.000000,1.298762971217258e-14,0.3578102540,35.781025
2847.0,771.000000,1.303716752241243e-14,0.3585289890,35.852899
2848.0,767.000000,1.308689428126706e-14,0.3594873023,35.948730
2849.0,764.000000,1.313681070942994e-14,0.3602060374,36.020604
2850.0,760.000000,1.318691753034359e-14,0.3611643507,36.116435
2851.0,757.000000,1.323721547020974e-14,0.3618830858,36.188309
2852.0,753.500000,1.328770525800004e-14,0.3627216100,36.272161
2853.0,749.500000,1.333838762546680e-14,0.3636799233,36.367992
2854.0,745.500000,1.338926330715305e-14,0.3646382367,36.463824
2855.0,740.500000,1.344033304040387e-14,0.3658361284,36.583613
2856.0,736.500000,1.349159756537658e-14,0.3667944418,36.679444
2857.0,731.500000,1.354305762505159e-14,0.3679923335,36.799233
2858.0,727.500000,1.359471396524340e-14,0.3689506469,36.895065
2859.0,722.500000,1.364656733461103e-14,0.3701485386,37.014854
2860.0,718.500000,1.369861848466907e-14,0.3711068519,37.110685
2861.0,714.000000,1.375086816979879e-14,0.3721849545,37.218495
2862.0,709.500000,1.380331714725844e-14,0.3732630570,37.326306
2863.0,705.500000,1.385596617719502e-14,0.3742213704,37.422137
2864.0,700.500000,1.390881602265469e-14,0.3754192621,37.541926
2865.0,696.500000,1.396186744959403e-14,0.3763775755,37.637758
2866.0,691.500000,1.401512122689134e-14,0.3775754672,37.757547
2867.0,689.000000,1.406857812635741e-14,0.3781744130,37.817441
2868.0,686.000000,1.412223892274693e-14,0.3788931481,37.889315
2869.0,684.000000,1.417610439376986e-14,0.3793723047,37.937230
2870.0,682.000000,1.423017532010217e-14,0.3798514614,37.985146
2871.0,680.500000,1.428445248539788e-14,0.3802108289,38.021083
2872.0,679.000000,1.433893667629983e-14,0.3805701965,38.057020
2873.0,677.000000,1.439362868245135e-14,0.3810493531,38.104935
2874.0,675.500000,1.444852929650765e-14,0.3814087207,38.140872
2875.0,667.000000,1.450363931414726e-14,0.3834451366,38.344514
2876.0,657.000000,1.455895953408378e-14,0.3858409200,38.584092
2877.0,653.000000,1.461449075807712e-14,0.3867992333,38.679923
2878.0,649.500000,1.467023379094526e-14,0.3876377575,38.763776
2879.0,646.500000,1.472618944057615e-14,0.3883564926,38.835649
2880.0,646.500000,1.478235851793903e-14,0.3883564926,38.835649
2881.0,648.500000,1.483874183709639e-14,0.3878773359,38.787734
2882.0,650.500000,1.489534021521579e-14,0.3873981792,38.739818
2883.0,652.000000,1.495215447258155e-14,0.3870388117,38.703881
2884.0,652.000000,1.500918543260696e-14,0.3870388117,38.703881
2885.0,651.500000,1.506643392184579e-14,0.3871586009,38.715860
2886.0,651.500000,1.512390077000449e-14,0.3871586009,38.715860
2887.0,651.500000,1.518158680995439e-14,0.3871586009,38.715860
2888.0,651.000000,1.523949287774338e-14,0.3872783900,38.727839
2889.0,651.000000,1.529761981260830e-14,0.3872783900,38.727839
2890.0,651.500000,1.535596845698705e-14,0.3871586009,38.715860
2891.0,650.000000,1.541453965653069e-14,0.3875179684,38.751797
2892.0,644.000000,1.547333426011600e-14,0.3889554384,38.895544
2893.0,641.000000,1.553235311985736e-14,0.3896741735,38.967417
2894.0,637.500000,1.559159709111933e-14,0.3905126977,39.051270
2895.0,634.000000,1.565106703252920e-14,0.3913512218,39.135122
2896.0,630.500000,1.571076380598910e-14,0.3921897460,39.218975
2897.0,627.500000,1.577068827668869e-14,0.3929084811,39.290848
2898.0,624.000000,1.583084131311768e-14,0.3937470053,39.374701
2899.0,620.500000,1.589122378707831e-14,0.3945855295,39.458553
2900.0,617.500000,1.595183657369830e-14,0.3953042645,39.530426
2901.0,614.000000,1.601268055144309e-14,0.3961427887,39.614279
2902.0,610.500000,1.607375660212880e-14,0.3969813129,39.698131
2903.0,607.500000,1.613506561093520e-14,0.3977000479,39.770005
2904.0,604.000000,1.619660846641813e-14,0.3985385721,39.853857
2905.0,600.500000,1.625838606052267e-14,0.3993770963,39.937710
2906.0,597.500000,1.632039928859596e-14,0.4000958313,40.009583
2907.0,594.500000,1.638264904940015e-14,0.4008145664,40.081457
2908.0,592.000000,1.644513624512569e-14,0.4014135122,40.141351
2909.0,589.500000,1.650786178140395e-14,0.4020124581,40.201246
2910.0,587.500000,1.657082656732063e-14,0.4024916148,40.249161
2911.0,585.000000,1.663403151542913e-14,0.4030905606,40.309056
2912.0,582.500000,1.669747754176309e-14,0.4036895065,40.368951
2913.0,580.000000,1.676116556585056e-14,0.4042884523,40.428845
2914.0,578.000000,1.682509651072665e-14,0.4047676090,40.476761
2915.0,575.500000,1.688927130294708e-14,0.4053665549,40.536655
2916.0,573.000000,1.695369087260201e-14,0.4059655007,40.596550
2917.0,571.000000,1.701835615332864e-14,0.4064446574,40.644466
2918.0,568.500000,1.708326808232579e-14,0.4070436033,40.704360
2919.0,566.000000,1.714842760036669e-14,0.4076425491,40.764255
2920.0,564.000000,1.721383565181288e-14,0.4081217058,40.812171
2921.0,561.500000,1.727949318462815e-14,0.4087206517,40.872065
2922.0,559.000000,1.734540115039180e-14,0.4093195975,40.931960
2923.0,557.000000,1.741156050431271e-14,0.4097987542,40.979875
2924.0,554.500000,1.747797220524339e-14,0.4103977000,41.039770
2925.0,552.000000,1.754463721569317e-14,0.4109966459,41.099665
2926.0,549.500000,1.761155650184309e-14,0.4115955918,41.159559
2927.0,547.500000,1.767873103355915e-14,0.4120747484,41.207475
2928.0,545.000000,1.774616178440663e-14,0.4126736943,41.267369
2929.0,542.500000,1.781384973166445e-14,0.4132726402,41.327264
2930.0,540.000000,1.788179585633887e-14,0.4138715860,41.387159
2931.0,538.000000,1.795000114317792e-14,0.4143507427,41.435074
2932.0,535.500000,1.801846658068600e-14,0.4149496885,41.494969
2933.0,533.000000,1.808719316113737e-14,0.4155486344,41.554863
2934.0,531.000000,1.815618188059156e-14,0.4160277911,41.602779
2935.0,528.500000,1.822543373890701e-14,0.4166267369,41.662674
2936.0,526.000000,1.829494973975587e-14,0.4172256828,41.722568
2937.0,524.000000,1.836473089063872e-14,0.4177048395,41.770484
2938.0,521.500000,1.843477820289877e-14,0.4183037853,41.830379
2939.0,519.000000,1.850509269173671e-14,0.4189027312,41.890273
2940.0,517.000000,1.857567537622578e-14,0.4193818879,41.938189
2941.0,514.500000,1.864652727932563e-14,0.4199808337,41.998083
2942.0,512.000000,1.871764942789826e-14,0.4205797796,42.057978
2943.0,509.500000,1.878904285272206e-14,0.4211787254,42.117873
2944.0,507.500000,1.886070858850703e-14,0.4216578821,42.165788
2945.0,505.000000,1.893264767391004e-14,0.4222568280,42.225683
2946.0,502.500000,1.900486115154939e-14,0.4228557738,42.285577
2947.0,500.000000,1.907735006802018e-14,0.4234547197,42.345472
2948.0,498.500000,1.915011547390976e-14,0.4238140872,42.381409
2949.0,496.500000,1.922315842381213e-14,0.4242932439,42.429324
2950.0,494.500000,1.929647997634430e-14,0.4247724006,42.477240
2951.0,493.000000,1.937008119416077e-14,0.4251317681,42.513177
2952.0,491.000000,1.944396314396925e-14,0.4256109248,42.561092
2953.0,489.500000,1.951812689654635e-14,0.4259702923,42.597029
2954.0,488.000000,1.959257352675265e-14,0.4263296598,42.632966
2955.0,486.000000,1.966730411354856e-14,0.4268088165,42.680882
2956.0,484.500000,1.974231974000989e-14,0.4271681840,42.716818
2957.0,482.500000,1.981762149334348e-14,0.4276473407,42.764734
2958.0,481.000000,1.989321046490327e-14,0.4280067082,42.800671
2959.0,480.000000,1.996908775020562e-14,0.4282462865,42.824629
2960.0,479.000000,2.004525444894554e-14,0.4284858649,42.848586
2961.0,477.500000,2.012171166501251e-14,0.4288452324,42.884523
2962.0,476.500000,2.019846050650644e-14,0.4290848107,42.908481
2963.0,475.500000,2.027550208575401e-14,0.4293243891,42.932439
2964.0,474.500000,2.035283751932434e-14,0.4295639674,42.956397
2965.0,473.500000,2.043046792804541e-14,0.4298035458,42.980355
2966.0,472.500000,2.050839443702051e-14,0.4300431241,43.004312
2967.0,471.500000,2.058661817564411e-14,0.4302827024,43.028270
2968.0,470.500000,2.066514027761854e-14,0.4305222808,43.052228
2969.0,469.000000,2.074396188097032e-14,0.4308816483,43.088165
2970.0,468.000000,2.082308412806657e-14,0.4311212266,43.112123
2971.0,467.000000,2.090250816563193e-14,0.4313608050,43.136080
2972.0,465.500000,2.098223514476467e-14,0.4317201725,43.172017
2973.0,464.500000,2.106226622095357e-14,0.4319597508,43.195975
2974.0,463.500000,2.114260255409502e-14,0.4321993292,43.219933
2975.0,462.500000,2.122324530850922e-14,0.4324389075,43.243891
2976.0,461.500000,2.130419565295748e-14,0.4326784859,43.267849
2977.0,460.500000,2.138545476065900e-14,0.4329180642,43.291806
2978.0,459.500000,2.146702380930784e-14,0.4331576425,43.315764
2979.0,458.500000,2.154890398109032e-14,0.4333972209,43.339722
2980.0,457.000000,2.163109646270161e-14,0.4337565884,43.375659
2981.0,456.000000,2.171360244536324e-14,0.4339961667,43.399617
2982.0,455.000000,2.179642312484056e-14,0.4342357451,43.423575
2983.0,453.500000,2.187955970145961e-14,0.4345951126,43.459511
2984.0,452.500000,2.196301338012482e-14,0.4348346909,43.483469
2985.0,451.500000,2.204678537033642e-14,0.4350742693,43.507427
2986.0,450.500000,2.213087688620784e-14,0.4353138476,43.531385
2987.0,449.500000,2.221528914648371e-14,0.4355534260,43.555343
2988.0,448.500000,2.230002337455694e-14,0.4357930043,43.579300
2989.0,447.500000,2.238508079848677e-14,0.4360325827,43.603258
2990.0,446.500000,2.247046265101679e-14,0.4362721610,43.627216
2991.0,445.000000,2.255617016959229e-14,0.4366315285,43.663153
2992.0,444.000000,2.264220459637856e-14,0.4368711069,43.687111
2993.0,443.000000,2.272856717827878e-14,0.4371106852,43.711069
2994.0,441.500000,2.281525916695204e-14,0.4374700527,43.747005
2995.0,440.500000,2.290228181883179e-14,0.4377096310,43.770963
2996.0,439.500000,2.298963639514356e-14,0.4379492094,43.794921
2997.0,438.500000,2.307732416192354e-14,0.4381887877,43.818879
2998.0,437.500000,2.316534639003692e-14,0.4384283661,43.842837
2999.0,436.500000,2.325370435519613e-14,0.4386679444,43.866794
3000.0,435.500000,2.334239933797976e-14,0.4389075228,43.890752
3001.0,434.500000,2.343143262385054e-14,0.4391471011,43.914710
3002.0,433.000000,2.352080550317424e-14,0.4395064686,43.950647
3003.0,431.500000,2.361051927123878e-14,0.4398658361,43.986584
3004.0,430.500000,2.370057522827192e-14,0.4401054145,44.010541
3005.0,429.000000,2.379097467946147e-14,0.4404647820,44.046478
3006.0,427.500000,2.388171893497314e-14,0.4408241495,44.082415
3007.0,426.000000,2.397280930996990e-14,0.4411835170,44.118352
3008.0,424.500000,2.406424712463137e-14,0.4415428845,44.154288
3009.0,423.000000,2.415603370417234e-14,0.4419022520,44.190225
3010.0,421.500000,2.424817037886225e-14,0.4422616195,44.226162
3011.0,420.000000,2.434065848404492e-14,0.4426209871,44.262099
3012.0,418.500000,2.443349936015677e-14,0.4429803546,44.298035
3013.0,417.000000,2.452669435274764e-14,0.4433397221,44.333972
3014.0,416.000000,2.462024481249924e-14,0.4435793004,44.357930
3015.0,415.000000,2.471415209524506e-14,0.4438188788,44.381888
3016.0,413.500000,2.480841756199036e-14,0.4441782463,44.417825
3017.0,411.500000,2.490304257893130e-14,0.4446574030,44.465740
3018.0,409.500000,2.499802851747499e-14,0.4451365597,44.513656
3019.0,407.500000,2.509337675425986e-14,0.4456157163,44.561572
3020.0,405.500000,2.518908867117441e-14,0.4460948730,44.609487
3021.0,403.500000,2.528516565537869e-14,0.4465740297,44.657403
3022.0,401.500000,2.538160909932330e-14,0.4470531864,44.705319
3023.0,399.500000,2.547842040076999e-14,0.4475323431,44.753234
3024.0,397.500000,2.557560096281216e-14,0.4480114998,44.801150
3025.0,395.500000,2.567315219389465e-14,0.4484906564,44.849066
3026.0,393.500000,2.577107550783443e-14,0.4489698131,44.896981
3027.0,393.500000,2.586937232384149e-14,0.4489698131,44.896981
3028.0,395.500000,2.596804406653832e-14,0.4484906564,44.849066
3029.0,397.500000,2.606709216598195e-14,0.4480114998,44.801150
3030.0,399.500000,2.616651805768357e-14,0.4475323431,44.753234
3031.0,401.500000,2.626632318262973e-14,0.4470531864,44.705319
3032.0,403.500000,2.636650898730355e-14,0.4465740297,44.657403
3033.0,405.500000,2.646707692370509e-14,0.4460948730,44.609487
3034.0,407.500000,2.656802844937261e-14,0.4456157163,44.561572
3035.0,409.500000,2.666936502740423e-14,0.4451365597,44.513656
3036.0,411.500000,2.677108812647790e-14,0.4446574030,44.465740
3037.0,413.500000,2.687319922087420e-14,0.4441782463,44.417825
3038.0,414.000000,2.697569979049652e-14,0.4440584571,44.405846
3039.0,414.000000,2.707859132089305e-14,0.4440584571,44.405846
3040.0,414.000000,2.718187530327820e-14,0.4440584571,44.405846
3041.0,413.500000,2.728555323455411e-14,0.4441782463,44.417825
3042.0,413.500000,2.738962661733280e-14,0.4441782463,44.417825
3043.0,414.000000,2.749409695995722e-14,0.4440584571,44.405846
3044.0,415.000000,2.759896577652353e-14,0.4438188788,44.381888
3045.0,415.500000,2.770423458690332e-14,0.4436990896,44.369909
3046.0,417.000000,2.780990491676498e-14,0.4433397221,44.333972
3047.0,418.000000,2.791597829759627e-14,0.4431001437,44.310014
3048.0,406.500000,2.802245626672639e-14,0.4458552947,44.585529
3049.0,405.500000,2.812934036734816e-14,0.4460948730,44.609487
3050.0,404.000000,2.823663214854084e-14,0.4464542405,44.645424
3051.0,403.000000,2.834433316529187e-14,0.4466938189,44.669382
3052.0,401.500000,2.845244497851980e-14,0.4470531864,44.705319
3053.0,400.500000,2.856096915509720e-14,0.4472927647,44.729276
3054.0,399.500000,2.866990726787273e-14,0.4475323431,44.753234
3055.0,399.500000,2.877926089569436e-14,0.4475323431,44.753234
3056.0,399.000000,2.888903162343215e-14,0.4476521322,44.765213
3057.0,398.500000,2.899922104200110e-14,0.4477719214,44.777192
3058.0,398.500000,2.910983074838469e-14,0.4477719214,44.777192
3059.0,398.500000,2.922086234565730e-14,0.4477719214,44.777192
3060.0,398.000000,2.933231744300780e-14,0.4478917106,44.789171
3061.0,397.500000,2.944419765576325e-14,0.4480114998,44.801150
3062.0,397.500000,2.955650460541156e-14,0.4480114998,44.801150
3063.0,397.500000,2.966923991962551e-14,0.4480114998,44.801150
3064.0,397.000000,2.978240523228618e-14,0.4481312889,44.813129
3065.0,396.500000,2.989600218350654e-14,0.4482510781,44.825108
3066.0,396.500000,3.001003241965570e-14,0.4482510781,44.825108
3067.0,396.500000,3.012449759338200e-14,0.4482510781,44.825108
3068.0,396.000000,3.023939936363739e-14,0.4483708673,44.837087
3069.0,395.500000,3.035473939570183e-14,0.4484906564,44.849066
3070.0,395.500000,3.047051936120663e-14,0.4484906564,44.849066
3071.0,395.500000,3.058674093815923e-14,0.4484906564,44.849066
3072.0,395.000000,3.070340581096739e-14,0.4486104456,44.861045
3073.0,394.500000,3.082051567046344e-14,0.4487302348,44.873023
3074.0,394.500000,3.093807221392932e-14,0.4487302348,44.873023
3075.0,394.500000,3.105607714512043e-14,0.4487302348,44.873023
3076.0,394.000000,3.117453217429066e-14,0.4488500240,44.885002
3077.0,393.500000,3.129343901821760e-14,0.4489698131,44.896981
3078.0,393.500000,3.141279940022663e-14,0.4489698131,44.896981
3079.0,393.500000,3.153261505021644e-14,0.4489698131,44.896981
3080.0,393.000000,3.165288770468394e-14,0.4490896023,44.908960
3081.0,392.500000,3.177361910674930e-14,0.4492093915,44.920939
3082.0,392.500000,3.189481100618188e-14,0.4492093915,44.920939
3083.0,392.500000,3.201646515942415e-14,0.4492093915,44.920939
3084.0,392.000000,3.213858332961897e-14,0.4493291806,44.932918
3085.0,391.500000,3.226116728663371e-14,0.4494489698,44.944897
3086.0,391.500000,3.238421880708643e-14,0.4494489698,44.944897
3087.0,391.500000,3.250773967437199e-14,0.4494489698,44.944897
3088.0,391.000000,3.263173167868716e-14,0.4495687590,44.956876
3089.0,390.500000,3.275619661705692e-14,0.4496885482,44.968855
3090.0,390.500000,3.288113629336106e-14,0.4496885482,44.968855
3091.0,390.000000,3.300655251835882e-14,0.4498083373,44.980834
3092.0,390.000000,3.313244710971707e-14,0.4498083373,44.980834
3093.0,389.500000,3.325882189203511e-14,0.4499281265,44.992813
3094.0,389.500000,3.338567869687169e-14,0.4499281265,44.992813
3095.0,389.000000,3.351301936277197e-14,0.4500479157,45.004792
3096.0,389.000000,3.364084573529332e-14,0.4500479157,45.004792
3097.0,388.000000,3.376915966703249e-14,0.4502874940,45.028749
3098.0,387.500000,3.389796301765302e-14,0.4504072832,45.040728
3099.0,387.000000,3.402725765391065e-14,0.4505270724,45.052707
3100.0,386.000000,3.415704544968236e-14,0.4507666507,45.076665
3101.0,385.000000,3.428732828599193e-14,0.4510062290,45.100623
3102.0,384.500000,3.441810805103784e-14,0.4511260182,45.112602
3103.0,383.500000,3.454938664022098e-14,0.4513655966,45.136560
3104.0,382.500000,3.468116595617133e-14,0.4516051749,45.160517
3105.0,381.500000,3.481344790877594e-14,0.4518447532,45.184475
3106.0,380.000000,3.494623441520716e-14,0.4522041207,45.220412
3107.0,379.000000,3.507952739994891e-14,0.4524436991,45.244370
3108.0,378.000000,3.521332879482650e-14,0.4526832774,45.268328
3109.0,377.000000,3.534764053903312e-14,0.4529228558,45.292286
3110.0,375.500000,3.548246457915848e-14,0.4532822233,45.328222
3111.0,374.000000,3.561780286921746e-14,0.4536415908,45.364159
3112.0,373.000000,3.575365737067758e-14,0.4538811691,45.388117
3113.0,372.000000,3.589003005248782e-14,0.4541207475,45.412075
3114.0,371.000000,3.602692289110782e-14,0.4543603258,45.436033
3115.0,369.500000,3.616433787053480e-14,0.4547196933,45.471969
3116.0,368.000000,3.630227698233450e-14,0.4550790609,45.507906
3117.0,367.000000,3.644074222566832e-14,0.4553186392,45.531864
3118.0,366.000000,3.657973560732291e-14,0.4555582175,45.555822
3119.0,365.000000,3.671925914173976e-14,0.4557977959,45.579780
3120.0,363.500000,3.685931485104341e-14,0.4561571634,45.615716
3121.0,362.500000,3.699990476507126e-14,0.4563967417,45.639674
3122.0,361.000000,3.714103092140361e-14,0.4567561092,45.675611
3123.0,360.000000,3.728269536539145e-14,0.4569956876,45.699569
3124.0,359.000000,3.742490015018833e-14,0.4572352659,45.723527
3125.0,357.500000,3.756764733677834e-14,0.4575946334,45.759463
3126.0,356.500000,3.771093899400681e-14,0.4578342118,45.783421
3127.0,355.000000,3.785477719861015e-14,0.4581935793,45.819358
3128.0,354.000000,3.799916403524571e-14,0.4584331576,45.843316
3129.0,353.000000,3.814410159652271e-14,0.4586727360,45.867274
3130.0,351.500000,3.828959198303159e-14,0.4590321035,45.903210
3131.0,350.500000,3.843563730337492e-14,0.4592716818,45.927168
3132.0,349.000000,3.858223967419843e-14,0.4596310494,45.963105
3133.0,348.000000,3.872940122022076e-14,0.4598706277,45.987063
3134.0,347.000000,3.887712407426489e-14,0.4601102060,46.011021
3135.0,345.500000,3.902541037728884e-14,0.4604695736,46.046957
3136.0,344.500000,3.917426227841661e-14,0.4607091519,46.070915
3137.0,343.000000,3.932368193496992e-14,0.4610685194,46.106852
3138.0,342.000000,3.947367151249854e-14,0.4613080977,46.130810
3139.0,341.000000,3.962423318481212e-14,0.4615476761,46.154768
3140.0,340.000000,3.977536913401224e-14,0.4617872544,46.178725
3141.0,338.500000,3.992708155052301e-14,0.4621466219,46.214662
3142.0,337.000000,4.007937263312349e-14,0.4625059895,46.250599
3143.0,336.000000,4.023224458897939e-14,0.4627455678,46.274557
3144.0,335.000000,4.038569963367489e-14,0.4629851461,46.298515
3145.0,334.000000,4.053973999124542e-14,0.4632247245,46.322472
3146.0,332.500000,4.069436789420888e-14,0.4635840920,46.358409
3147.0,331.000000,4.084958558359854e-14,0.4639434595,46.394346
3148.0,330.000000,4.100539530899595e-14,0.4641830379,46.418304
3149.0,329.000000,4.116179932856261e-14,0.4644226162,46.442262
3150.0,327.500000,4.131879990907333e-14,0.4647819837,46.478198
3151.0,325.500000,4.147639932594888e-14,0.4652611404,46.526114
3152.0,324.000000,4.163459986328891e-14,0.4656205079,46.562051
3153.0,322.500000,4.179340381390561e-14,0.4659798754,46.597988
3154.0,321.000000,4.195281347935598e-14,0.4663392429,46.633924
3155.0,319.500000,4.211283116997571e-14,0.4666986104,46.669861
3156.0,317.500000,4.227345920491313e-14,0.4671777671,46.717777
3157.0,316.000000,4.243469991216185e-14,0.4675371346,46.753713
3158.0,314.500000,4.259655562859512e-14,0.4678965022,46.789650
3159.0,313.000000,4.275902869999959e-14,0.4682558697,46.825587
3160.0,311.500000,4.292212148110910e-14,0.4686152372,46.861524
3161.0,310.000000,4.308583633563950e-14,0.4689746047,46.897460
3162.0,309.000000,4.325017563632189e-14,0.4692141830,46.921418
3163.0,307.500000,4.341514176493750e-14,0.4695735506,46.957355
3164.0,305.500000,4.358073711235274e-14,0.4700527072,47.005271
3165.0,303.500000,4.374696407855283e-14,0.4705318639,47.053186
3166.0,301.500000,4.391382507267725e-14,0.4710110206,47.101102
3167.0,299.500000,4.408132251305450e-14,0.4714901773,47.149018
3168.0,297.500000,4.424945882723694e-14,0.4719693340,47.196933
3169.0,295.500000,4.441823645203692e-14,0.4724484907,47.244849
3170.0,293.500000,4.458765783356008e-14,0.4729276473,47.292765
3171.0,291.500000,4.475772542724334e-14,0.4734068040,47.340680
3172.0,289.500000,4.492844169788849e-14,0.4738859607,47.388596
3173.0,287.500000,4.509980911969863e-14,0.4743651174,47.436512
3174.0,287.500000,4.527183017631463e-14,0.4743651174,47.436512
3175.0,289.500000,4.544450736084993e-14,0.4738859607,47.388596
3176.0,291.500000,4.561784317592734e-14,0.4734068040,47.340680
3177.0,293.500000,4.579184013371594e-14,0.4729276473,47.292765
3178.0,295.500000,4.596650075596552e-14,0.4724484907,47.244849
3179.0,297.500000,4.614182757404572e-14,0.4719693340,47.196933
3180.0,299.500000,4.631782312898064e-14,0.4714901773,47.149018
3181.0,301.500000,4.649448997148644e-14,0.4710110206,47.101102
3182.0,303.500000,4.667183066200886e-14,0.4705318639,47.053186
3183.0,305.500000,4.684984777075921e-14,0.4700527072,47.005271
3184.0,307.500000,4.702854387775217e-14,0.4695735506,46.957355
3185.0,308.000000,4.720792157284396e-14,0.4694537614,46.945376
3186.0,308.000000,4.738798345576776e-14,0.4694537614,46.945376
3187.0,307.500000,4.756873213617408e-14,0.4695735506,46.957355
3188.0,307.500000,4.775017023366646e-14,0.4695735506,46.957355
3189.0,307.500000,4.793230037784023e-14,0.4695735506,46.957355
3190.0,308.000000,4.811512520832116e-14,0.4694537614,46.945376
3191.0,308.500000,4.829864737480259e-14,0.4693339722,46.933397
3192.0,310.000000,4.848286953708440e-14,0.4689746047,46.897460
3193.0,311.000000,4.866779436511235e-14,0.4687350264,46.873503
3194.0,312.000000,4.885342453901459e-14,0.4684954480,46.849545
3195.0,300.500000,4.903976274914330e-14,0.4712505989,47.125060
3196.0,299.000000,4.922681169611147e-14,0.4716099665,47.160997
3197.0,298.000000,4.941457409083287e-14,0.4718495448,47.184954
3198.0,297.000000,4.960305265456190e-14,0.4720891231,47.208912
3199.0,295.500000,4.979225011893186e-14,0.4724484907,47.244849
3200.0,294.000000,4.998216922599514e-14,0.4728078582,47.280786
3201.0,293.500000,5.017281272826373e-14,0.4729276473,47.292765
3202.0,293.500000,5.036418338874693e-14,0.4729276473,47.292765
3203.0,293.000000,5.055628398099422e-14,0.4730474365,47.304744
3204.0,292.500000,5.074911728913322e-14,0.4731672257,47.316723
3205.0,292.500000,5.094268610791084e-14,0.4731672257,47.316723
3206.0,292.500000,5.113699324273443e-14,0.4731672257,47.316723
3207.0,292.500000,5.133204150971120e-14,0.4731672257,47.316723
3208.0,292.000000,5.152783373568982e-14,0.4732870149,47.328701
3209.0,291.500000,5.172437275830122e-14,0.4734068040,47.340680
3210.0,291.500000,5.192166142599952e-14,0.4734068040,47.340680
3211.0,291.500000,5.211970259810411e-14,0.4734068040,47.340680
3212.0,291.000000,5.231849914483985e-14,0.4735265932,47.352659
3213.0,290.500000,5.251805394737952e-14,0.4736463824,47.364638
3214.0,290.500000,5.271836989788535e-14,0.4736463824,47.364638
3215.0,290.500000,5.291944989955073e-14,0.4736463824,47.364638
3216.0,290.000000,5.312129686664314e-14,0.4737661715,47.376617
3217.0,289.500000,5.332391372454511e-14,0.4738859607,47.388596
3218.0,289.500000,5.352730340979724e-14,0.4738859607,47.388596
3219.0,289.500000,5.373146887014142e-14,0.4738859607,47.388596
3220.0,289.000000,5.393641306456227e-14,0.4740057499,47.400575
3221.0,288.500000,5.414213896333088e-14,0.4741255391,47.412554
3222.0,288.500000,5.434864954804762e-14,0.4741255391,47.412554
3223.0,288.500000,5.455594781168514e-14,0.4741255391,47.412554
3224.0,288.000000,5.476403675863268e-14,0.4742453282,47.424533
3225.0,287.500000,5.497291940473822e-14,0.4743651174,47.436512
3226.0,287.500000,5.518259877735286e-14,0.4743651174,47.436512
3227.0,287.500000,5.539307791537543e-14,0.4743651174,47.436512
3228.0,287.500000,5.560435986929512e-14,0.4743651174,47.436512
3229.0,287.000000,5.581644770123661e-14,0.4744849066,47.448491
3230.0,286.500000,5.602934448500425e-14,0.4746046957,47.460470
3231.0,286.500000,5.624305330612632e-14,0.4746046957,47.460470
3232.0,286.500000,5.645757726190075e-14,0.4746046957,47.460470
3233.0,286.000000,5.667291946143856e-14,0.4747244849,47.472448
3234.0,285.500000,5.688908302570964e-14,0.4748442741,47.484427
3235.0,285.500000,5.710607108758867e-14,0.4748442741,47.484427
3236.0,285.500000,5.732388679189914e-14,0.4748442741,47.484427
3237.0,285.000000,5.754253329545987e-14,0.4749640632,47.496406
3238.0,284.500000,5.776201376713047e-14,0.4750838524,47.508385
3239.0,284.500000,5.798233138785713e-14,0.4750838524,47.508385
3240.0,284.500000,5.820348935071959e-14,0.4750838524,47.508385
3241.0,284.000000,5.842549086097598e-14,0.4752036416,47.520364
3242.0,283.500000,5.864833913611010e-14,0.4753234308,47.532343
3243.0,283.500000,5.887203740587860e-14,0.4753234308,47.532343
3244.0,283.500000,5.909658891235654e-14,0.4753234308,47.532343
3245.0,283.000000,5.932199690998516e-14,0.4754432199,47.544322
3246.0,282.500000,5.954826466561895e-14,0.4755630091,47.556301
3247.0,282.500000,5.977539545857265e-14,0.4755630091,47.556301
3248.0,282.500000,6.000339258066980e-14,0.4755630091,47.556301
3249.0,282.500000,6.023225933628901e-14,0.4755630091,47.556301
3250.0,282.000000,6.046199904241276e-14,0.4756827983,47.568280
3251.0,281.500000,6.069261502867529e-14,0.4758025874,47.580259
3252.0,281.500000,6.092411063741057e-14,0.4758025874,47.580259
3253.0,281.500000,6.115648922370173e-14,0.4758025874,47.580259
3254.0,281.500000,6.138975415542825e-14,0.4758025874,47.580259
3255.0,281.000000,6.162390881331546e-14,0.4759223766,47.592238
3256.0,280.500000,6.185895659098456e-14,0.4760421658,47.604217
3257.0,280.500000,6.209490089499903e-14,0.4760421658,47.604217
3258.0,280.500000,6.233174514491754e-14,0.4760421658,47.604217
3259.0,280.500000,6.256949277334074e-14,0.4760421658,47.604217
3260.0,280.000000,6.280814722596201e-14,0.4761619550,47.616195
3261.0,279.500000,6.304771196161814e-14,0.4762817441,47.628174
3262.0,279.500000,6.328819045233799e-14,0.4762817441,47.628174
3263.0,279.500000,6.352958618339351e-14,0.4762817441,47.628174
3264.0,279.500000,6.377190265335130e-14,0.4762817441,47.628174
3265.0,279.000000,6.401514337412053e-14,0.4764015333,47.640153
3266.0,278.500000,6.425931187100738e-14,0.4765213225,47.652132
3267.0,278.500000,6.450441168276331e-14,0.4765213225,47.652132
3268.0,278.500000,6.475044636163745e-14,0.4765213225,47.652132
3269.0,278.500000,6.499741947342877e-14,0.4765213225,47.652132
3270.0,277.500000,6.524533459753622e-14,0.4767609008,47.676090
3271.0,277.500000,6.549419532701140e-14,0.4767609008,47.676090
3272.0,277.500000,6.574400526861176e-14,0.4767609008,47.676090
3273.0,277.500000,6.599476804284979e-14,0.4767609008,47.676090
3274.0,277.500000,6.624648728404942e-14,0.4767609008,47.676090
3275.0,276.500000,6.649916664039558e-14,0.4770004792,47.700048
3276.0,276.500000,6.675280977398825e-14,0.4770004792,47.700048
3277.0,276.500000,6.700742036089631e-14,0.4770004792,47.700048
3278.0,276.500000,6.726300209120919e-14,0.4770004792,47.700048
3279.0,276.000000,6.751955866909119e-14,0.4771202683,47.712027
3280.0,275.500000,6.777709381283622e-14,0.4772400575,47.724006
3281.0,275.500000,6.803561125491870e-14,0.4772400575,47.724006
3282.0,275.500000,6.829511474205152e-14,0.4772400575,47.724006
3283.0,275.500000,6.855560803523725e-14,0.4772400575,47.724006
3284.0,275.000000,6.881709490982381e-14,0.4773598467,47.735985
3285.0,274.500000,6.907957915556001e-14,0.4774796358,47.747964
3286.0,274.500000,6.934306457664880e-14,0.4774796358,47.747964
3287.0,274.500000,6.960755499180320e-14,0.4774796358,47.747964
3288.0,274.500000,6.987305423430285e-14,0.4774796358,47.747964
3289.0,274.000000,7.013956615204640e-14,0.4775994250,47.759943
3290.0,273.500000,7.040709460761123e-14,0.4777192142,47.771921
3291.0,273.500000,7.067564347830643e-14,0.4777192142,47.771921
3292.0,273.500000,7.094521665623021e-14,0.4777192142,47.771921
3293.0,274.000000,7.121581804832623e-14,0.4775994250,47.759943
3294.0,274.500000,7.148745157643980e-14,0.4774796358,47.747964
3295.0,275.000000,7.176012117737593e-14,0.4773598467,47.735985
3296.0,276.000000,7.203383080295463e-14,0.4771202683,47.712027
3297.0,277.000000,7.230858442006909e-14,0.4768806900,47.688069
3298.0,278.000000,7.258438601074398e-14,0.4766411116,47.664111
3299.0,278.500000,7.286123957219149e-14,0.4765213225,47.652132
3300.0,278.500000,7.313914911687036e-14,0.4765213225,47.652132
3301.0,278.500000,7.341811867254378e-14,0.4765213225,47.652132
3302.0,278.500000,7.369815228233748e-14,0.4765213225,47.652132
3303.0,278.500000,7.397925400479947e-14,0.4765213225,47.652132
3304.0,278.000000,7.426142791395710e-14,0.4766411116,47.664111
3305.0,278.000000,7.454467809937702e-14,0.4766411116,47.664111
3306.0,278.000000,7.482900866622532e-14,0.4766411116,47.664111
3307.0,277.000000,7.511442373532522e-14,0.4768806900,47.688069
3308.0,276.000000,7.540092744321804e-14,0.4771202683,47.712027
3309.0,274.500000,7.568852394222280e-14,0.4774796358,47.747964
3310.0,272.500000,7.597721740049611e-14,0.4779587925,47.795879
3311.0,270.500000,7.626701200209383e-14,0.4784379492,47.843795
3312.0,268.500000,7.655791194702985e-14,0.4789171059,47.891711
3313.0,266.500000,7.684992145133783e-14,0.4793962626,47.939626
3314.0,264.500000,7.714304474713336e-14,0.4798754193,47.987542
3315.0,262.500000,7.743728608267330e-14,0.4803545759,48.035458
3316.0,260.500000,7.773264972241869e-14,0.4808337326,48.083373
3317.0,258.500000,7.802913994709617e-14,0.4813128893,48.131289
3318.0,256.500000,7.832676105375979e-14,0.4817920460,48.179205
3319.0,254.500000,7.862551735585444e-14,0.4822712027,48.227120
3320.0,254.500000,7.892541318327661e-14,0.4822712027,48.227120
3321.0,256.500000,7.922645288243791e-14,0.4817920460,48.179205
3322.0,258.500000,7.952864081632921e-14,0.4813128893,48.131289
3323.0,260.500000,7.983198136458185e-14,0.4808337326,48.083373
3324.0,262.500000,8.013647892353240e-14,0.4803545759,48.035458
3325.0,264.500000,8.044213790628605e-14,0.4798754193,47.987542
3326.0,266.500000,8.074896274278032e-14,0.4793962626,47.939626
3327.0,268.500000,8.105695787985045e-14,0.4789171059,47.891711
3328.0,270.500000,8.136612778129200e-14,0.4784379492,47.843795
3329.0,272.500000,8.167647692792644e-14,0.4779587925,47.795879
3330.0,274.500000,8.198800981766714e-14,0.4774796358,47.747964
3331.0,276.000000,8.230073096558254e-14,0.4771202683,47.712027
3332.0,277.000000,8.261464490396293e-14,0.4768806900,47.688069
3333.0,277.500000,8.292975618238578e-14,0.4767609008,47.676090
3334.0,277.500000,8.324606936778137e-14,0.4767609008,47.676090
3335.0,277.500000,8.356358904450068e-14,0.4767609008,47.676090
3336.0,277.500000,8.388231981437805e-14,0.4767609008,47.676090
3337.0,278.000000,8.420226629680270e-14,0.4766411116,47.664111
3338.0,278.000000,8.452343312878183e-14,0.4766411116,47.664111
3339.0,278.000000,8.484582496500931e-14,0.4766411116,47.664111
3340.0,279.000000,8.516944647793411e-14,0.4764015333,47.640153
3341.0,276.000000,8.549430235782594e-14,0.4771202683,47.712027
3342.0,275.000000,8.582039731284429e-14,0.4773598467,47.735985
3343.0,274.000000,8.614773606910807e-14,0.4775994250,47.759943
3344.0,273.000000,8.647632337076020e-14,0.4778390034,47.783900
3345.0,273.000000,8.680616398004133e-14,0.4778390034,47.783900
3346.0,272.000000,8.713726267735502e-14,0.4780785817,47.807858
3347.0,271.500000,8.746962426133832e-14,0.4781983709,47.819837
3348.0,271.500000,8.780325354893252e-14,0.4781983709,47.819837
3349.0,271.500000,8.813815537545073e-14,0.4781983709,47.819837
3350.0,271.500000,8.847433459464903e-14,0.4781983709,47.819837
3351.0,271.500000,8.881179607879836e-14,0.4781983709,47.819837
3352.0,272.500000,8.915054471875102e-14,0.4779587925,47.795879
3353.0,272.500000,8.949058542401672e-14,0.4779587925,47.795879
3354.0,272.500000,8.983192312282972e-14,0.4779587925,47.795879
3355.0,272.500000,9.017456276222166e-14,0.4779587925,47.795879
3356.0,272.500000,9.051850930809446e-14,0.4779587925,47.795879
3357.0,272.500000,9.086376774528997e-14,0.4779587925,47.795879
3358.0,272.500000,9.121034307766340e-14,0.4779587925,47.795879
3359.0,273.500000,9.155824032815732e-14,0.4777192142,47.771921
3360.0,273.500000,9.190746453887033e-14,0.4777192142,47.771921
3361.0,273.500000,9.225802077113535e-14,0.4777192142,47.771921
3362.0,273.500000,9.260991410558893e-14,0.4777192142,47.771921
3363.0,273.500000,9.296314964224632e-14,0.4777192142,47.771921
3364.0,273.500000,9.331773250057654e-14,0.4777192142,47.771921
3365.0,273.500000,9.367366781957430e-14,0.4777192142,47.771921
3366.0,273.500000,9.403096075783561e-14,0.4777192142,47.771921
3367.0,274.500000,9.438961649363410e-14,0.4774796358,47.747964
3368.0,274.500000,9.474964022499184e-14,0.4774796358,47.747964
3369.0,274.500000,9.511103716976005e-14,0.4774796358,47.747964
3370.0,274.500000,9.547381256569047e-14,0.4774796358,47.747964
3371.0,274.500000,9.583797167051285e-14,0.4774796358,47.747964
3372.0,274.500000,9.620351976201230e-14,0.4774796358,47.747964
3373.0,274.500000,9.657046213810343e-14,0.4774796358,47.747964
3374.0,275.500000,9.693880411690834e-14,0.4772400575,47.724006
3375.0,275.500000,9.730855103683523e-14,0.4772400575,47.724006
3376.0,275.500000,9.767970825665146e-14,0.4772400575,47.724006
3377.0,275.500000,9.805228115556672e-14,0.4772400575,47.724006
3378.0,275.500000,9.842627513330667e-14,0.4772400575,47.724006
3379.0,275.500000,9.880169561019318e-14,0.4772400575,47.724006
3380.0,275.500000,9.917854802722246e-14,0.4772400575,47.724006
3381.0,276.500000,9.955683784614351e-14,0.4770004792,47.700048
3382.0,276.500000,9.993657054953892e-14,0.4770004792,47.700048
3383.0,276.500000,1.003177516409019e-13,0.4770004792,47.700048
3384.0,276.500000,1.007003866447173e-13,0.4770004792,47.700048
3385.0,276.500000,1.010844811065429e-13,0.4770004792,47.700048
3386.0,276.500000,1.014700405930869e-13,0.4770004792,47.700048
3387.0,276.500000,1.018570706922912e-13,0.4770004792,47.700048
3388.0,276.500000,1.022455770134110e-13,0.4770004792,47.700048
3389.0,277.500000,1.026355651870961e-13,0.4767609008,47.676090
3390.0,277.500000,1.030270408654744e-13,0.4767609008,47.676090
3391.0,277.500000,1.034200097222307e-13,0.4767609008,47.676090
3392.0,277.000000,1.038144774526909e-13,0.4768806900,47.688069
3393.0,276.500000,1.042104497739052e-13,0.4770004792,47.700048
3394.0,276.000000,1.046079324247288e-13,0.4771202683,47.712027
3395.0,275.500000,1.050069311659065e-13,0.4772400575,47.724006
3396.0,275.000000,1.054074517801561e-13,0.4773598467,47.735985
3397.0,274.000000,1.058095000722515e-13,0.4775994250,47.759943
3398.0,272.500000,1.062130818691086e-13,0.4779587925,47.795879
3399.0,271.500000,1.066182030198672e-13,0.4781983709,47.819837
3400.0,270.500000,1.070248693959771e-13,0.4784379492,47.843795
3401.0,269.500000,1.074330868912845e-13,0.4786775276,47.867753
3402.0,268.500000,1.078428614221147e-13,0.4789171059,47.891711
3403.0,267.500000,1.082541989273597e-13,0.4791566842,47.915668
3404.0,266.500000,1.086671053685639e-13,0.4793962626,47.939626
3405.0,265.500000,1.090815867300098e-13,0.4796358409,47.963584
3406.0,264.000000,1.094976490188067e-13,0.4799952084,47.999521
3407.0,263.000000,1.099152982649751e-13,0.4802347868,48.023479
3408.0,262.000000,1.103345405215354e-13,0.4804743651,48.047437
3409.0,261.000000,1.107553818645970e-13,0.4807139435,48.071394
3410.0,260.000000,1.111778283934435e-13,0.4809535218,48.095352
3411.0,258.500000,1.116018862306231e-13,0.4813128893,48.131289
3412.0,257.500000,1.120275615220368e-13,0.4815524677,48.155247
3413.0,256.500000,1.124548604370270e-13,0.4817920460,48.179205
3414.0,255.500000,1.128837891684688e-13,0.4820316243,48.203162
3415.0,254.500000,1.133143539328571e-13,0.4822712027,48.227120
3416.0,253.500000,1.137465609703976e-13,0.4825107810,48.251078
3417.0,252.500000,1.141804165450993e-13,0.4827503594,48.275036
3418.0,251.500000,1.146159269448620e-13,0.4829899377,48.298994
3419.0,250.000000,1.150530984815696e-13,0.4833493052,48.334931
3420.0,249.000000,1.154919374911808e-13,0.4835888836,48.358888
3421.0,248.000000,1.159324503338208e-13,0.4838284619,48.382846
3422.0,247.000000,1.163746433938755e-13,0.4840680402,48.406804
3423.0,246.000000,1.168185230800793e-13,0.4843076186,48.430762
3424.0,244.500000,1.172640958256140e-13,0.4846669861,48.466699
3425.0,243.500000,1.177113680881973e-13,0.4849065644,48.490656
3426.0,242.500000,1.181603463501780e-13,0.4851461428,48.514614
3427.0,241.500000,1.186110371186316e-13,0.4853857211,48.538572
3428.0,240.500000,1.190634469254517e-13,0.4856252995,48.562530
3429.0,239.500000,1.195175823274459e-13,0.4858648778,48.586488
3430.0,238.500000,1.199734499064331e-13,0.4861044562,48.610446
3431.0,237.500000,1.204310562693331e-13,0.4863440345,48.634403
3432.0,236.500000,1.208904080482696e-13,0.4865836128,48.658361
3433.0,235.500000,1.213515119006608e-13,0.4868231912,48.682319
3434.0,234.000000,1.218143745093178e-13,0.4871825587,48.718256
3435.0,233.000000,1.222790025825430e-13,0.4874221370,48.742214
3436.0,232.000000,1.227454028542242e-13,0.4876617154,48.766172
3437.0,231.000000,1.232135820839340e-13,0.4879012937,48.790129
3438.0,229.500000,1.236835470570292e-13,0.4882606612,48.826066
3439.0,228.500000,1.241553045847446e-13,0.4885002396,48.850024
3440.0,227.500000,1.246288615042974e-13,0.4887398179,48.873982
3441.0,226.500000,1.251042246789822e-13,0.4889793963,48.897940
3442.0,225.500000,1.255814009982713e-13,0.4892189746,48.921897
3443.0,224.500000,1.260603973779169e-13,0.4894585529,48.945855
3444.0,223.000000,1.265412207600475e-13,0.4898179205,48.981792
3445.0,221.500000,1.270238781132710e-13,0.4901772880,49.017729
3446.0,219.500000,1.275083764327769e-13,0.4906564447,49.065644
3447.0,218.000000,1.279947227404324e-13,0.4910158122,49.101581
3448.0,216.500000,1.284829240848914e-13,0.4913751797,49.137518
3449.0,215.000000,1.289729875416908e-13,0.4917345472,49.173455
3450.0,213.500000,1.294649202133555e-13,0.4920939147,49.209391
3451.0,212.000000,1.299587292295023e-13,0.4924532822,49.245328
3452.0,210.500000,1.304544217469406e-13,0.4928126497,49.281265
3453.0,209.000000,1.309520049497775e-13,0.4931720172,49.317202
3454.0,208.000000,1.314514860495240e-13,0.4934115956,49.341160
3455.0,207.000000,1.319528722851940e-13,0.4936511739,49.365117
3456.0,205.500000,1.324561709234159e-13,0.4940105414,49.401054
3457.0,203.500000,1.329613892585330e-13,0.4944896981,49.448970
3458.0,201.500000,1.334685346127108e-13,0.4949688548,49.496885
3459.0,199.500000,1.339776143360447e-13,0.4954480115,49.544801
3460.0,197.500000,1.344886358066635e-13,0.4959271682,49.592717
3461.0,195.500000,1.350016064308385e-13,0.4964063249,49.640632
3462.0,193.500000,1.355165336430902e-13,0.4968854816,49.688548
3463.0,191.500000,1.360334249062954e-13,0.4973646382,49.736464
3464.0,189.500000,1.365522877117979e-13,0.4978437949,49.784379
3465.0,187.500000,1.370731295795134e-13,0.4983229516,49.832295
3466.0,185.500000,1.375959580580408e-13,0.4988021083,49.880211
3467.0,185.500000,1.381207807247712e-13,0.4988021083,49.880211
3468.0,187.500000,1.386476051859971e-13,0.4983229516,49.832295
3469.0,189.500000,1.391764390770247e-13,0.4978437949,49.784379
3470.0,191.500000,1.397072900622814e-13,0.4973646382,49.736464
3471.0,193.500000,1.402401658354285e-13,0.4968854816,49.688548
3472.0,195.500000,1.407750741194743e-13,0.4964063249,49.640632
3473.0,197.500000,1.413120226668829e-13,0.4959271682,49.592717
3474.0,199.500000,1.418510192596885e-13,0.4954480115,49.544801
3475.0,201.500000,1.423920717096078e-13,0.4949688548,49.496885
3476.0,203.500000,1.429351878581527e-13,0.4944896981,49.448970
3477.0,205.500000,1.434803755767461e-13,0.4940105414,49.401054
3478.0,207.000000,1.440276427668325e-13,0.4936511739,49.365117
3479.0,208.000000,1.445769973599945e-13,0.4934115956,49.341160
3480.0,209.000000,1.451284473180692e-13,0.4931720172,49.317202
3481.0,210.000000,1.456820006332602e-13,0.4929324389,49.293244
3482.0,211.000000,1.462376653282560e-13,0.4926928606,49.269286
3483.0,212.000000,1.467954494563452e-13,0.4924532822,49.245328
3484.0,212.500000,1.473553611015332e-13,0.4923334931,49.233349
3485.0,213.000000,1.479174083786611e-13,0.4922137039,49.221370
3486.0,213.500000,1.484815994335205e-13,0.4920939147,49.209391
3487.0,213.500000,1.490479424429724e-13,0.4920939147,49.209391
3488.0,214.000000,1.496164456150686e-13,0.4919741255,49.197413
3489.0,214.500000,1.501871171891660e-13,0.4918543364,49.185434
3490.0,214.500000,1.507599654360493e-13,0.4918543364,49.185434
3491.0,215.000000,1.513349986580496e-13,0.4917345472,49.173455
3492.0,215.000000,1.519122251891646e-13,0.4917345472,49.173455
3493.0,215.500000,1.524916533951814e-13,0.4916147580,49.161476
3494.0,216.500000,1.530732916737944e-13,0.4913751797,49.137518
3495.0,217.000000,1.536571484547289e-13,0.4912553905,49.125539
3496.0,217.500000,1.542432321998647e-13,0.4911356013,49.113560
3497.0,218.500000,1.548315514033554e-13,0.4908960230,49.089602
3498.0,219.000000,1.554221145917541e-13,0.4907762338,49.077623
3499.0,219.500000,1.560149303241357e-13,0.4906564447,49.065644
3500.0,220.500000,1.566100071922211e-13,0.4904168663,49.041687
3501.0,221.000000,1.572073538205038e-13,0.4902970771,49.029708
3502.0,221.500000,1.578069788663711e-13,0.4901772880,49.017729
3503.0,222.500000,1.584088910202324e-13,0.4899377096,48.993771
3504.0,223.000000,1.590130990056442e-13,0.4898179205,48.981792
3505.0,223.500000,1.596196115794359e-13,0.4896981313,48.969813
3506.0,224.000000,1.602284375318397e-13,0.4895783421,48.957834
3507.0,225.000000,1.608395856866135e-13,0.4893387638,48.933876
3508.0,225.500000,1.614530649011713e-13,0.4892189746,48.921897
3509.0,226.000000,1.620688840667139e-13,0.4890991854,48.909919
3510.0,226.500000,1.626870521083503e-13,0.4889793963,48.897940
3511.0,227.500000,1.633075779852369e-13,0.4887398179,48.873982
3512.0,228.000000,1.639304706906996e-13,0.4886200287,48.862003
3513.0,228.500000,1.645557392523668e-13,0.4885002396,48.850024
3514.0,229.500000,1.651833927323026e-13,0.4882606612,48.826066
3515.0,230.000000,1.658134402271336e-13,0.4881408721,48.814087
3516.0,230.500000,1.664458908681834e-13,0.4880210829,48.802108
3517.0,231.500000,1.670807538216068e-13,0.4877815046,48.778150
3518.0,232.000000,1.677180382885161e-13,0.4876617154,48.766172
3519.0,232.500000,1.683577535051234e-13,0.4875419262,48.754193
3520.0,233.500000,1.689999087428668e-13,0.4873023479,48.730235
3521.0,234.000000,1.696445133085484e-13,0.4871825587,48.718256
3522.0,234.500000,1.702915765444700e-13,0.4870627695,48.706277
3523.0,235.500000,1.709411078285656e-13,0.4868231912,48.682319
3524.0,235.500000,1.715931165745384e-13,0.4868231912,48.682319
3525.0,236.500000,1.722476122320006e-13,0.4865836128,48.658361
3526.0,237.000000,1.729046042866023e-13,0.4864638237,48.646382
3527.0,237.500000,1.735641022601794e-13,0.4863440345,48.634403
3528.0,238.500000,1.742261157108829e-13,0.4861044562,48.610446
3529.0,239.000000,1.748906542333212e-13,0.4859846670,48.598467
3530.0,239.500000,1.755577274587007e-13,0.4858648778,48.586488
3531.0,240.500000,1.762273450549614e-13,0.4856252995,48.562530
3532.0,241.000000,1.768995167269189e-13,0.4855055103,48.550551
3533.0,241.500000,1.775742522164083e-13,0.4853857211,48.538572
3534.0,242.500000,1.782515613024169e-13,0.4851461428,48.514614
3535.0,243.000000,1.789314538012368e-13,0.4850263536,48.502635
3536.0,243.500000,1.796139395665985e-13,0.4849065644,48.490656
3537.0,244.500000,1.802990284898170e-13,0.4846669861,48.466699
3538.0,244.500000,1.809867304999373e-13,0.4846669861,48.466699
3539.0,245.500000,1.816770555638736e-13,0.4844274078,48.442741
3540.0,246.000000,1.823700136865566e-13,0.4843076186,48.430762
3541.0,246.000000,1.830656149110807e-13,0.4843076186,48.430762
3542.0,245.500000,1.837638693188421e-13,0.4844274078,48.442741
3543.0,245.000000,1.844647870296948e-13,0.4845471969,48.454720
3544.0,244.500000,1.851683782020892e-13,0.4846669861,48.466699
3545.0,244.000000,1.858746530332232e-13,0.4847867753,48.478678
3546.0,243.500000,1.865836217591893e-13,0.4849065644,48.490656
3547.0,243.000000,1.872952946551218e-13,0.4850263536,48.502635
3548.0,242.500000,1.880096820353492e-13,0.4851461428,48.514614
3549.0,242.000000,1.887267942535389e-13,0.4852659320,48.526593
3550.0,241.500000,1.894466417028495e-13,0.4853857211,48.538572
3551.0,241.000000,1.901692348160838e-13,0.4855055103,48.550551
3552.0,240.500000,1.908945840658354e-13,0.4856252995,48.562530
3553.0,240.000000,1.916226999646438e-13,0.4857450886,48.574509
3554.0,239.500000,1.923535930651454e-13,0.4858648778,48.586488
3555.0,239.000000,1.930872739602262e-13,0.4859846670,48.598467
3556.0,238.500000,1.938237532831782e-13,0.4861044562,48.610446
3557.0,238.000000,1.945630417078489e-13,0.4862242453,48.622425
3558.0,237.500000,1.953051499487982e-13,0.4863440345,48.634403
3559.0,237.000000,1.960500887614563e-13,0.4864638237,48.646382
3560.0,236.500000,1.967978689422748e-13,0.4865836128,48.658361
3561.0,236.000000,1.975485013288859e-13,0.4867034020,48.670340
3562.0,235.500000,1.983019968002594e-13,0.4868231912,48.682319
3563.0,235.000000,1.990583662768589e-13,0.4869429804,48.694298
3564.0,234.500000,1.998176207208038e-13,0.4870627695,48.706277
3565.0,234.000000,2.005797711360231e-13,0.4871825587,48.718256
3566.0,233.500000,2.013448285684171e-13,0.4873023479,48.730235
3567.0,233.000000,2.021128041060203e-13,0.4874221370,48.742214
3568.0,232.500000,2.028837088791572e-13,0.4875419262,48.754193
3569.0,232.000000,2.036575540606066e-13,0.4876617154,48.766172
3570.0,231.500000,2.044343508657627e-13,0.4877815046,48.778150
3571.0,231.000000,2.052141105527973e-13,0.4879012937,48.790129
3572.0,230.500000,2.059968444228257e-13,0.4880210829,48.802108
3573.0,230.000000,2.067825638200658e-13,0.4881408721,48.814087
3574.0,229.500000,2.075712801320051e-13,0.4882606612,48.826066
3575.0,229.000000,2.083630047895679e-13,0.4883804504,48.838045
3576.0,229.000000,2.091577492672763e-13,0.4883804504,48.838045
3577.0,228.000000,2.099555250834197e-13,0.4886200287,48.862003
3578.0,228.000000,2.107563438002209e-13,0.4886200287,48.862003
3579.0,227.000000,2.115602170240028e-13,0.4888596071,48.885961
3580.0,227.000000,2.123671564053600e-13,0.4888596071,48.885961
3581.0,226.000000,2.131771736393227e-13,0.4890991854,48.909919
3582.0,226.000000,2.139902804655285e-13,0.4890991854,48.909919
3583.0,225.000000,2.148064886683955e-13,0.4893387638,48.933876
3584.0,225.000000,2.156258100772874e-13,0.4893387638,48.933876
3585.0,224.000000,2.164482565666890e-13,0.4895783421,48.957834
3586.0,224.000000,2.172738400563767e-13,0.4895783421,48.957834
3587.0,224.000000,2.181025725115912e-13,0.4895783421,48.957834
3588.0,224.500000,2.189344659432147e-13,0.4894585529,48.945855
3589.0,225.000000,2.197695324079354e-13,0.4893387638,48.933876
3590.0,225.000000,2.206077840084351e-13,0.4893387638,48.933876
3591.0,224.500000,2.214492328935539e-13,0.4894585529,48.945855
3592.0,224.500000,2.222938912584709e-13,0.4894585529,48.945855
3593.0,224.000000,2.231417713448826e-13,0.4895783421,48.957834
3594.0,224.000000,2.239928854411759e-13,0.4895783421,48.957834
3595.0,223.500000,2.248472458826081e-13,0.4896981313,48.969813
3596.0,223.500000,2.257048650514899e-13,0.4896981313,48.969813
3597.0,223.000000,2.265657553773544e-13,0.4898179205,48.981792
3598.0,223.000000,2.274299293371504e-13,0.4898179205,48.981792
3599.0,222.000000,2.282973994554128e-13,0.4900574988,49.005750
3600.0,221.000000,2.291681783044481e-13,0.4902970771,49.029708
3601.0,220.000000,2.300422785045191e-13,0.4905366555,49.053666
3602.0,219.000000,2.309197127240225e-13,0.4907762338,49.077623
3603.0,217.500000,2.318004936796753e-13,0.4911356013,49.113560
3604.0,215.500000,2.326846341367025e-13,0.4916147580,49.161476
3605.0,213.500000,2.335721469090121e-13,0.4920939147,49.209391
3606.0,211.500000,2.344630448593940e-13,0.4925730714,49.257307
3607.0,209.500000,2.353573408996959e-13,0.4930522281,49.305223
3608.0,207.500000,2.362550479910141e-13,0.4935313848,49.353138
3609.0,205.500000,2.371561791438847e-13,0.4940105414,49.401054
3610.0,203.500000,2.380607474184658e-13,0.4944896981,49.448970
3611.0,201.500000,2.389687659247301e-13,0.4949688548,49.496885
3612.0,199.500000,2.398802478226586e-13,0.4954480115,49.544801
3613.0,197.500000,2.407952063224207e-13,0.4959271682,49.592717
3614.0,197.500000,2.417136546845792e-13,0.4959271682,49.592717
3615.0,199.500000,2.426356062202719e-13,0.4954480115,49.544801
3616.0,201.500000,2.435610742914083e-13,0.4949688548,49.496885
3617.0,203.500000,2.444900723108663e-13,0.4944896981,49.448970
3618.0,205.500000,2.454226137426806e-13,0.4940105414,49.401054
3619.0,207.500000,2.463587121022409e-13,0.4935313848,49.353138
3620.0,209.500000,2.472983809564915e-13,0.4930522281,49.305223
3621.0,211.500000,2.482416339241173e-13,0.4925730714,49.257307
3622.0,213.500000,2.491884846757551e-13,0.4920939147,49.209391
3623.0,215.500000,2.501389469341805e-13,0.4916147580,49.161476
3624.0,217.500000,2.510930344745109e-13,0.4911356013,49.113560
3625.0,219.000000,2.520507611244082e-13,0.4907762338,49.077623
3626.0,220.000000,2.530121407642734e-13,0.4905366555,49.053666
3627.0,221.000000,2.539771873274503e-13,0.4902970771,49.029708
3628.0,222.000000,2.549459148004318e-13,0.4900574988,49.005750
3629.0,223.000000,2.559183372230513e-13,0.4898179205,48.981792
3630.0,223.500000,2.568944686887007e-13,0.4896981313,48.969813
3631.0,224.000000,2.578743233445230e-13,0.4895783421,48.957834
3632.0,224.500000,2.588579153916229e-13,0.4894585529,48.945855
3633.0,224.500000,2.598452590852712e-13,0.4894585529,48.945855
3634.0,225.000000,2.608363687351109e-13,0.4893387638,48.933876
3635.0,225.500000,2.618312587053678e-13,0.4892189746,48.921897
3636.0,225.500000,2.628299434150537e-13,0.4892189746,48.921897
3637.0,226.000000,2.638324373381772e-13,0.4890991854,48.909919
3638.0,226.000000,2.648387550039578e-13,0.4890991854,48.909919
3639.0,226.500000,2.658489109970293e-13,0.4889793963,48.897940
3640.0,227.000000,2.668629199576558e-13,0.4888596071,48.885961
3641.0,226.500000,2.678807965819428e-13,0.4889793963,48.897940
3642.0,227.500000,2.689025556220489e-13,0.4887398179,48.873982
3643.0,228.000000,2.699282118864042e-13,0.4886200287,48.862003
3644.0,228.500000,2.709577802399182e-13,0.4885002396,48.850024
3645.0,229.500000,2.719912756041987e-13,0.4882606612,48.826066
3646.0,229.500000,2.730287129577712e-13,0.4882606612,48.826066
3647.0,230.500000,2.740701073362895e-13,0.4880210829,48.802108
3648.0,231.500000,2.751154738327577e-13,0.4877815046,48.778150
3649.0,231.500000,2.761648275977485e-13,0.4877815046,48.778150
3650.0,232.500000,2.772181838396208e-13,0.4875419262,48.754193
3651.0,232.500000,2.782755578247456e-13,0.4875419262,48.754193
3652.0,233.500000,2.793369648777193e-13,0.4873023479,48.730235
3653.0,234.500000,2.804024203815904e-13,0.4870627695,48.706277
3654.0,234.500000,2.814719397780850e-13,0.4870627695,48.706277
3655.0,235.500000,2.825455385678242e-13,0.4868231912,48.682319
3656.0,236.000000,2.836232323105532e-13,0.4867034020,48.670340
3657.0,236.500000,2.847050366253656e-13,0.4865836128,48.658361
3658.0,237.500000,2.857909671909286e-13,0.4863440345,48.634403
3659.0,237.500000,2.868810397457151e-13,0.4863440345,48.634403
3660.0,238.500000,2.879752700882244e-13,0.4861044562,48.610446
3661.0,239.500000,2.890736740772152e-13,0.4858648778,48.586488
3662.0,239.500000,2.901762676319384e-13,0.4858648778,48.586488
3663.0,240.500000,2.912830667323614e-13,0.4856252995,48.562530
3664.0,240.500000,2.923940874194038e-13,0.4856252995,48.562530
3665.0,241.500000,2.935093457951690e-13,0.4853857211,48.538572
3666.0,242.500000,2.946288580231763e-13,0.4851461428,48.514614
3667.0,242.500000,2.957526403286001e-13,0.4851461428,48.514614
3668.0,243.500000,2.968807089984978e-13,0.4849065644,48.490656
3669.0,244.000000,2.980130803820491e-13,0.4847867753,48.478678
3670.0,244.500000,2.991497708907971e-13,0.4846669861,48.466699
3671.0,245.500000,3.002907969988785e-13,0.4844274078,48.442741
3672.0,245.500000,3.014361752432676e-13,0.4844274078,48.442741
3673.0,246.500000,3.025859222240145e-13,0.4841878294,48.418783
3674.0,247.500000,3.037400546044841e-13,0.4839482511,48.394825
3675.0,247.500000,3.048985891116046e-13,0.4839482511,48.394825
3676.0,248.500000,3.060615425360957e-13,0.4837086727,48.370867
3677.0,248.500000,3.072289317327294e-13,0.4837086727,48.370867
3678.0,249.500000,3.084007736205609e-13,0.4834690944,48.346909
3679.0,250.500000,3.095770851831783e-13,0.4832295161,48.322952
3680.0,250.500000,3.107578834689531e-13,0.4832295161,48.322952
3681.0,251.500000,3.119431855912792e-13,0.4829899377,48.298994
3682.0,252.000000,3.131330087288249e-13,0.4828701485,48.287015
3683.0,252.500000,3.143273701257872e-13,0.4827503594,48.275036
3684.0,253.500000,3.155262870921273e-13,0.4825107810,48.251078
3685.0,253.500000,3.167297770038396e-13,0.4825107810,48.251078
3686.0,254.000000,3.179378573031895e-13,0.4823909919,48.239099
3687.0,254.500000,3.191505454989710e-13,0.4822712027,48.227120
3688.0,254.000000,3.203678591667649e-13,0.4823909919,48.239099
3689.0,253.500000,3.215898159491851e-13,0.4825107810,48.251078
3690.0,253.000000,3.228164335561385e-13,0.4826305702,48.263057
3691.0,252.500000,3.240477297650872e-13,0.4827503594,48.275036
3692.0,252.000000,3.252837224212910e-13,0.4828701485,48.287015
3693.0,251.000000,3.265244294380853e-13,0.4831097269,48.310973
3694.0,250.500000,3.277698687971256e-13,0.4832295161,48.322952
3695.0,250.000000,3.290200585486534e-13,0.4833493052,48.334931
3696.0,249.000000,3.302750168117621e-13,0.4835888836,48.358888
3697.0,248.000000,3.315347617746518e-13,0.4838284619,48.382846
3698.0,247.500000,3.327993116948960e-13,0.4839482511,48.394825
3699.0,247.000000,3.340686848997127e-13,0.4840680402,48.406804
3700.0,246.000000,3.353428997862143e-13,0.4843076186,48.430762
3701.0,245.500000,3.366219748216938e-13,0.4844274078,48.442741
3702.0,245.000000,3.379059285438770e-13,0.4845471969,48.454720
3703.0,244.000000,3.391947795611971e-13,0.4847867753,48.478678
3704.0,243.500000,3.404885465530680e-13,0.4849065644,48.490656
3705.0,243.000000,3.417872482701473e-13,0.4850263536,48.502635
3706.0,242.000000,3.430909035346118e-13,0.4852659320,48.526593
3707.0,241.500000,3.443995312404361e-13,0.4853857211,48.538572
3708.0,240.500000,3.457131503536508e-13,0.4856252995,48.562530
3709.0,240.000000,3.470317799126372e-13,0.4857450886,48.574509
3710.0,239.000000,3.483554390283878e-13,0.4859846670,48.598467
3711.0,238.500000,3.496841468847887e-13,0.4861044562,48.610446
3712.0,238.000000,3.510179227389023e-13,0.4862242453,48.622425
3713.0,237.000000,3.523567859212371e-13,0.4864638237,48.646382
3714.0,236.500000,3.537007558360347e-13,0.4865836128,48.658361
3715.0,236.000000,3.550498519615483e-13,0.4867034020,48.670340
3716.0,235.000000,3.564040938503246e-13,0.4869429804,48.694298
3717.0,234.500000,3.577635011294925e-13,0.4870627695,48.706277
3718.0,233.500000,3.591280935010387e-13,0.4873023479,48.730235
3719.0,233.000000,3.604978907420996e-13,0.4874221370,48.742214
3720.0,232.000000,3.618729127052459e-13,0.4876617154,48.766172
3721.0,231.500000,3.632531793187693e-13,0.4877815046,48.778150
3722.0,231.000000,3.646387105869768e-13,0.4879012937,48.790129
3723.0,230.000000,3.660295265904722e-13,0.4881408721,48.814087
3724.0,229.500000,3.674256474864513e-13,0.4882606612,48.826066
3725.0,229.000000,3.688270935089984e-13,0.4883804504,48.838045
3726.0,228.000000,3.702338849693709e-13,0.4886200287,48.862003
3727.0,227.000000,3.716460422562996e-13,0.4888596071,48.885961
3728.0,226.500000,3.730635858362824e-13,0.4889793963,48.897940
3729.0,226.000000,3.744865362538798e-13,0.4890991854,48.909919
3730.0,225.000000,3.759149141320186e-13,0.4893387638,48.933876
3731.0,224.500000,3.773487401722812e-13,0.4894585529,48.945855
3732.0,224.000000,3.787880351552112e-13,0.4895783421,48.957834
3733.0,223.000000,3.802328199406180e-13,0.4898179205,48.981792
3734.0,222.500000,3.816831154678711e-13,0.4899377096,48.993771
3735.0,222.000000,3.831389427562085e-13,0.4900574988,49.005750
3736.0,221.000000,3.846003229050409e-13,0.4902970771,49.029708
3737.0,220.000000,3.860672770942552e-13,0.4905366555,49.053666
3738.0,220.000000,3.875398265845280e-13,0.4905366555,49.053666
3739.0,219.500000,3.890179927176244e-13,0.4906564447,49.065644
3740.0,219.000000,3.905017969167117e-13,0.4907762338,49.077623
3741.0,219.000000,3.919912606866751e-13,0.4907762338,49.077623
3742.0,218.500000,3.934864056144195e-13,0.4908960230,49.089602
3743.0,218.000000,3.949872533691887e-13,0.4910158122,49.101581
3744.0,217.000000,3.964938257028783e-13,0.4912553905,49.125539
3745.0,216.000000,3.980061444503486e-13,0.4914949689,49.149497
3746.0,215.000000,3.995242315297483e-13,0.4917345472,49.173455
3747.0,214.000000,4.010481089428219e-13,0.4919741255,49.197413
3748.0,213.000000,4.025777987752337e-13,0.4922137039,49.221370
3749.0,212.000000,4.041133231968927e-13,0.4924532822,49.245328
3750.0,210.500000,4.056547044622641e-13,0.4928126497,49.281265
3751.0,208.500000,4.072019649106984e-13,0.4932918064,49.329181
3752.0,206.500000,4.087551269667536e-13,0.4937709631,49.377096
3753.0,204.500000,4.103142131405183e-13,0.4942501198,49.425012
3754.0,202.500000,4.118792460279449e-13,0.4947292765,49.472928
3755.0,200.500000,4.134502483111670e-13,0.4952084332,49.520843
3756.0,198.500000,4.150272427588345e-13,0.4956875898,49.568759
3757.0,196.500000,4.166102522264425e-13,0.4961667465,49.616675
3758.0,194.500000,4.181992996566603e-13,0.4966459032,49.664590
3759.0,192.500000,4.197944080796710e-13,0.4971250599,49.712506
3760.0,190.500000,4.213956006134951e-13,0.4976042166,49.760422
3761.0,190.500000,4.230029004643303e-13,0.4976042166,49.760422
3762.0,192.500000,4.246163309268951e-13,0.4971250599,49.712506
3763.0,194.500000,4.262359153847475e-13,0.4966459032,49.664590
3764.0,196.500000,4.278616773106476e-13,0.4961667465,49.616675
3765.0,198.500000,4.294936402668793e-13,0.4956875898,49.568759
3766.0,200.500000,4.311318279055983e-13,0.4952084332,49.520843
3767.0,202.500000,4.327762639691805e-13,0.4947292765,49.472928
3768.0,204.500000,4.344269722905553e-13,0.4942501198,49.425012
3769.0,206.500000,4.360839767935563e-13,0.4937709631,49.377096
3770.0,208.500000,4.377473014932755e-13,0.4932918064,49.329181
3771.0,210.500000,4.394169704963911e-13,0.4928126497,49.281265
3772.0,212.000000,4.410930080015425e-13,0.4924532822,49.245328
3773.0,212.500000,4.427754382996613e-13,0.4923334931,49.233349
3774.0,212.500000,4.444642857743298e-13,0.4923334931,49.233349
3775.0,212.500000,4.461595749021407e-13,0.4923334931,49.233349
3776.0,212.500000,4.478613302530405e-13,0.4923334931,49.233349
3777.0,212.500000,4.495695764906912e-13,0.4923334931,49.233349
3778.0,212.500000,4.512843383728349e-13,0.4923334931,49.233349
3779.0,213.000000,4.530056407516327e-13,0.4922137039,49.221370
3780.0,214.000000,4.547335085740502e-13,0.4919741255,49.197413
3781.0,215.000000,4.564679668821994e-13,0.4917345472,49.173455
3782.0,209.000000,4.582090408137086e-13,0.4931720172,49.317202
3783.0,208.000000,4.599567556020922e-13,0.4934115956,49.341160
3784.0,207.000000,4.617111365771057e-13,0.4936511739,49.365117
3785.0,206.000000,4.634722091651178e-13,0.4938907523,49.389075
3786.0,205.000000,4.652399988894869e-13,0.4941303306,49.413033
3787.0,204.000000,4.670145313709105e-13,0.4943699090,49.436991
3788.0,203.500000,4.687958323278221e-13,0.4944896981,49.448970
3789.0,203.500000,4.705839275767437e-13,0.4944896981,49.448970
3790.0,203.500000,4.723788430326677e-13,0.4944896981,49.448970
3791.0,203.500000,4.741806047094378e-13,0.4944896981,49.448970
3792.0,203.500000,4.759892387201148e-13,0.4944896981,49.448970
3793.0,203.500000,4.778047712773607e-13,0.4944896981,49.448970
3794.0,203.500000,4.796272286938264e-13,0.4944896981,49.448970
3795.0,203.500000,4.814566373825117e-13,0.4944896981,49.448970
3796.0,203.500000,4.832930238571752e-13,0.4944896981,49.448970
3797.0,203.500000,4.851364147326975e-13,0.4944896981,49.448970
3798.0,203.500000,4.869868367254762e-13,0.4944896981,49.448970
3799.0,203.500000,4.888443166538116e-13,0.4944896981,49.448970
3800.0,203.500000,4.907088814382929e-13,0.4944896981,49.448970
3801.0,203.500000,4.925805581021971e-13,0.4944896981,49.448970
3802.0,203.500000,4.944593737718675e-13,0.4944896981,49.448970
3803.0,203.500000,4.963453556771141e-13,0.4944896981,49.448970
3804.0,203.500000,4.982385311516134e-13,0.4944896981,49.448970
3805.0,203.500000,5.001389276332931e-13,0.4944896981,49.448970
3806.0,203.500000,5.020465726647372e-13,0.4944896981,49.448970
3807.0,203.500000,5.039614938935834e-13,0.4944896981,49.448970
3808.0,203.500000,5.058837190729222e-13,0.4944896981,49.448970
3809.0,203.500000,5.078132760617065e-13,0.4944896981,49.448970
3810.0,203.500000,5.097501928251438e-13,0.4944896981,49.448970
3811.0,203.500000,5.116944974351070e-13,0.4944896981,49.448970
3812.0,203.500000,5.136462180705482e-13,0.4944896981,49.448970
3813.0,203.500000,5.156053830178941e-13,0.4944896981,49.448970
3814.0,203.500000,5.175720206714645e-13,0.4944896981,49.448970
3815.0,203.500000,5.195461595338813e-13,0.4944896981,49.448970
3816.0,203.500000,5.215278282164804e-13,0.4944896981,49.448970
3817.0,203.500000,5.235170554397340e-13,0.4944896981,49.448970
3818.0,203.500000,5.255138700336543e-13,0.4944896981,49.448970
3819.0,203.500000,5.275183009382181e-13,0.4944896981,49.448970
3820.0,203.500000,5.295303772037921e-13,0.4944896981,49.448970
3821.0,203.500000,5.315501279915416e-13,0.4944896981,49.448970
3822.0,203.500000,5.335775825738611e-13,0.4944896981,49.448970
3823.0,203.500000,5.356127703347972e-13,0.4944896981,49.448970
3824.0,203.500000,5.376557207704715e-13,0.4944896981,49.448970
3825.0,203.500000,5.397064634895170e-13,0.4944896981,49.448970
3826.0,203.500000,5.417650282134950e-13,0.4944896981,49.448970
3827.0,203.500000,5.438314447773307e-13,0.4944896981,49.448970
3828.0,203.500000,5.459057431297541e-13,0.4944896981,49.448970
3829.0,203.500000,5.479879533337193e-13,0.4944896981,49.448970
3830.0,203.500000,5.500781055668499e-13,0.4944896981,49.448970
3831.0,203.500000,5.521762301218739e-13,0.4944896981,49.448970
3832.0,203.500000,5.542823574070603e-13,0.4944896981,49.448970
3833.0,203.500000,5.563965179466693e-13,0.4944896981,49.448970
3834.0,203.500000,5.585187423813807e-13,0.4944896981,49.448970
3835.0,203.500000,5.606490614687450e-13,0.4944896981,49.448970
3836.0,203.500000,5.627875060836357e-13,0.4944896981,49.448970
3837.0,203.500000,5.649341072186836e-13,0.4944896981,49.448970
3838.0,203.500000,5.670888959847346e-13,0.4944896981,49.448970
3839.0,203.500000,5.692519036112986e-13,0.4944896981,49.448970
3840.0,203.000000,5.714231614469998e-13,0.4946094873,49.460949
3841.0,202.500000,5.736027009600426e-13,0.4947292765,49.472928
3842.0,202.500000,5.757905537386418e-13,0.4947292765,49.472928
3843.0,202.500000,5.779867514915136e-13,0.4947292765,49.472928
3844.0,202.500000,5.801913260483090e-13,0.4947292765,49.472928
3845.0,202.500000,5.824043093600846e-13,0.4947292765,49.472928
3846.0,202.500000,5.846257334997728e-13,0.4947292765,49.472928
3847.0,202.500000,5.868556306626325e-13,0.4947292765,49.472928
3848.0,201.500000,5.890940331667227e-13,0.4949688548,49.496885
3849.0,201.500000,5.913409734533804e-13,0.4949688548,49.496885
3850.0,201.500000,5.935964840876647e-13,0.4949688548,49.496885
3851.0,201.500000,5.958605977588620e-13,0.4949688548,49.496885
3852.0,201.500000,5.981333472809336e-13,0.4949688548,49.496885
3853.0,201.500000,6.004147655930009e-13,0.4949688548,49.496885
3854.0,201.500000,6.027048857598296e-13,0.4949688548,49.496885
3855.0,201.000000,6.050037409722954e-13,0.4950886440,49.508864
3856.0,200.500000,6.073113645478708e-13,0.4952084332,49.520843
3857.0,200.500000,6.096277899311194e-13,0.4952084332,49.520843
3858.0,200.500000,6.119530506941524e-13,0.4952084332,49.520843
3859.0,200.500000,6.142871805371501e-13,0.4952084332,49.520843
3860.0,200.500000,6.166302132888232e-13,0.4952084332,49.520843
3861.0,200.500000,6.189821829069128e-13,0.4952084332,49.520843
3862.0,200.000000,6.213431234786905e-13,0.4953282223,49.532822
3863.0,199.500000,6.237130692214364e-13,0.4954480115,49.544801
3864.0,199.500000,6.260920544829438e-13,0.4954480115,49.544801
3865.0,199.500000,6.284801137420264e-13,0.4954480115,49.544801
3866.0,199.500000,6.308772816089898e-13,0.4954480115,49.544801
3867.0,199.500000,6.332835928261697e-13,0.4954480115,49.544801
3868.0,199.500000,6.356990822684065e-13,0.4954480115,49.544801
3869.0,199.500000,6.381237849435615e-13,0.4954480115,49.544801
3870.0,198.500000,6.405577359930316e-13,0.4956875898,49.568759
3871.0,198.500000,6.430009706922431e-13,0.4956875898,49.568759
3872.0,198.500000,6.454535244511716e-13,0.4956875898,49.568759
3873.0,198.500000,6.479154328148642e-13,0.4956875898,49.568759
3874.0,198.500000,6.503867314639270e-13,0.4956875898,49.568759
3875.0,198.500000,6.528674562150785e-13,0.4956875898,49.568759
3876.0,198.500000,6.553576430216400e-13,0.4956875898,49.568759
3877.0,198.000000,6.578573279740667e-13,0.4958073790,49.580738
3878.0,197.500000,6.603665473004794e-13,0.4959271682,49.592717
3879.0,197.500000,6.628853373671732e-13,0.4959271682,49.592717
3880.0,197.500000,6.654137346791526e-13,0.4959271682,49.592717
3881.0,198.000000,6.679517758806713e-13,0.4958073790,49.580738
3882.0,199.000000,6.704994977557338e-13,0.4955678007,49.556780
3883.0,200.000000,6.730569372286662e-13,0.4953282223,49.532822
3884.0,200.500000,6.756241313646216e-13,0.4952084332,49.520843
3885.0,201.000000,6.782011173701309e-13,0.4950886440,49.508864
3886.0,202.000000,6.807879325936393e-13,0.4948490656,49.484907
3887.0,205.000000,6.833846145260445e-13,0.4941303306,49.413033
3888.0,204.000000,6.859912008012520e-13,0.4943699090,49.436991
3889.0,204.000000,6.886077291967029e-13,0.4943699090,49.436991
3890.0,204.000000,6.912342376339302e-13,0.4943699090,49.436991
3891.0,204.000000,6.938707641791169e-13,0.4943699090,49.436991
3892.0,203.500000,6.965173470436307e-13,0.4944896981,49.448970
3893.0,203.500000,6.991740245845891e-13,0.4944896981,49.448970
3894.0,203.500000,7.018408353054124e-13,0.4944896981,49.448970
3895.0,203.000000,7.045178178563790e-13,0.4946094873,49.460949
3896.0,202.000000,7.072050110351970e-13,0.4948490656,49.484907
3897.0,200.500000,7.099024537875493e-13,0.4952084332,49.520843
3898.0,198.500000,7.126101852076663e-13,0.4956875898,49.568759
3899.0,196.500000,7.153282445389018e-13,0.4961667465,49.616675
3900.0,194.500000,7.180566711742842e-13,0.4966459032,49.664590
3901.0,192.500000,7.207955046570985e-13,0.4971250599,49.712506
3902.0,190.500000,7.235447846814571e-13,0.4976042166,49.760422
3903.0,188.500000,7.263045510928718e-13,0.4980833733,49.808337
3904.0,186.500000,7.290748438888436e-13,0.4985625299,49.856253
3905.0,184.500000,7.318557032194237e-13,0.4990416866,49.904169
3906.0,182.500000,7.346471693878054e-13,0.4995208433,49.952084
3907.0,180.500000,7.374492828509163e-13,0.5000000000,50.000000
3908.0,180.500000,7.402620842199872e-13,0.5000000000,50.000000
3909.0,182.500000,7.430856142611521e-13,0.4995208433,49.952084
3910.0,184.500000,7.459199138960372e-13,0.4990416866,49.904169
3911.0,186.500000,7.487650242023495e-13,0.4985625299,49.856253
3912.0,188.500000,7.516209864144850e-13,0.4980833733,49.808337
3913.0,190.500000,7.544878419241086e-13,0.4976042166,49.760422
3914.0,192.500000,7.573656322807617e-13,0.4971250599,49.712506
3915.0,194.500000,7.602543991924751e-13,0.4966459032,49.664590
3916.0,196.500000,7.631541845263541e-13,0.4961667465,49.616675
3917.0,198.500000,7.660650303091980e-13,0.4956875898,49.568759
3918.0,200.500000,7.689869787281060e-13,0.4952084332,49.520843
3919.0,202.000000,7.719200721310850e-13,0.4948490656,49.484907
3920.0,202.500000,7.748643530276772e-13,0.4947292765,49.472928
3921.0,202.500000,7.778198640895560e-13,0.4947292765,49.472928
3922.0,202.500000,7.807866481511543e-13,0.4947292765,49.472928
3923.0,202.500000,7.837647482102953e-13,0.4947292765,49.472928
3924.0,202.500000,7.867542074287959e-13,0.4947292765,49.472928
3925.0,202.500000,7.897550691331056e-13,0.4947292765,49.472928
3926.0,203.000000,7.927673768149307e-13,0.4946094873,49.460949
3927.0,204.000000,7.957911741318618e-13,0.4943699090,49.436991
3928.0,205.000000,7.988265049080224e-13,0.4941303306,49.413033
3929.0,199.000000,8.018734131346688e-13,0.4955678007,49.556780
3930.0,198.000000,8.049319429708727e-13,0.4958073790,49.580738
3931.0,196.500000,8.080021387441256e-13,0.4961667465,49.616675
3932.0,195.000000,8.110840449509944e-13,0.4965261140,49.652611
3933.0,194.000000,8.141777062577759e-13,0.4967656924,49.676569
3934.0,193.000000,8.172831675011246e-13,0.4970052707,49.700527
3935.0,192.500000,8.204004736887122e-13,0.4971250599,49.712506
3936.0,192.500000,8.235296699998937e-13,0.4971250599,49.712506
3937.0,192.500000,8.266708017863245e-13,0.4971250599,49.712506
3938.0,192.500000,8.298239145726657e-13,0.4971250599,49.712506
3939.0,192.500000,8.329890540572065e-13,0.4971250599,49.712506
3940.0,192.500000,8.361662661125395e-13,0.4971250599,49.712506
3941.0,192.500000,8.393555967862364e-13,0.4971250599,49.712506
3942.0,192.500000,8.425570923014946e-13,0.4971250599,49.712506
3943.0,192.500000,8.457707990578174e-13,0.4971250599,49.712506
3944.0,192.500000,8.489967636317005e-13,0.4971250599,49.712506
3945.0,192.500000,8.522350327772684e-13,0.4971250599,49.712506
3946.0,192.500000,8.554856534270015e-13,0.4971250599,49.712506
3947.0,192.500000,8.587486726923770e-13,0.4971250599,49.712506
3948.0,192.500000,8.620241378645665e-13,0.4971250599,49.712506
3949.0,192.500000,8.653120964151313e-13,0.4971250599,49.712506
3950.0,192.500000,8.686125959966897e-13,0.4971250599,49.712506
3951.0,192.500000,8.719256844436182e-13,0.4971250599,49.712506
3952.0,192.500000,8.752514097727585e-13,0.4971250599,49.712506
3953.0,192.500000,8.785898201840749e-13,0.4971250599,49.712506
3954.0,192.500000,8.819409640614025e-13,0.4971250599,49.712506
3955.0,192.500000,8.853048899731089e-13,0.4971250599,49.712506
3956.0,192.500000,8.886816466728130e-13,0.4971250599,49.712506
3957.0,192.500000,8.920712831001017e-13,0.4971250599,49.712506
3958.0,192.500000,8.954738483812181e-13,0.4971250599,49.712506
3959.0,192.500000,8.988893918297840e-13,0.4971250599,49.712506
3960.0,192.500000,9.023179629475295e-13,0.4971250599,49.712506
3961.0,192.000000,9.057596114249698e-13,0.4972448491,49.724485
3962.0,191.500000,9.092143871421770e-13,0.4973646382,49.736464
3963.0,191.500000,9.126823401694625e-13,0.4973646382,49.736464
3964.0,191.500000,9.161635207681176e-13,0.4973646382,49.736464
3965.0,191.500000,9.196579793911525e-13,0.4973646382,49.736464
3966.0,191.500000,9.231657666840059e-13,0.4973646382,49.736464
3967.0,191.500000,9.266869334852937e-13,0.4973646382,49.736464
3968.0,191.500000,9.302215308275415e-13,0.4973646382,49.736464
3969.0,191.500000,9.337696099379215e-13,0.4973646382,49.736464
3970.0,191.500000,9.373312222390092e-13,0.4973646382,49.736464
3971.0,191.500000,9.409064193495062e-13,0.4973646382,49.736464
3972.0,191.500000,9.444952530850038e-13,0.4973646382,49.736464
3973.0,191.500000,9.480977754587295e-13,0.4973646382,49.736464
3974.0,191.500000,9.517140386822975e-13,0.4973646382,49.736464
3975.0,191.500000,9.553440951664812e-13,0.4973646382,49.736464
3976.0,191.500000,9.589879975219482e-13,0.4973646382,49.736464
3977.0,191.500000,9.626457985600362e-13,0.4973646382,49.736464
3978.0,191.500000,9.663175512935288e-13,0.4973646382,49.736464
3979.0,191.500000,9.700033089374006e-13,0.4973646382,49.736464
3980.0,191.500000,9.737031249096048e-13,0.4973646382,49.736464
3981.0,191.500000,9.774170528318425e-13,0.4973646382,49.736464
3982.0,191.500000,9.811451465303369e-13,0.4973646382,49.736464
3983.0,191.500000,9.848874600366281e-13,0.4973646382,49.736464
3984.0,191.500000,9.886440475883333e-13,0.4973646382,49.736464
3985.0,191.500000,9.924149636299445e-13,0.4973646382,49.736464
3986.0,191.500000,9.962002628136296e-13,0.4973646382,49.736464
3987.0,194.000000,1.000000000000000e-12,0.4967656924,49.676569
