{
  "run_id": "eval_20251111-164305",
  "timestamp": "2025-11-11T16:45:31.461811Z",
  "dataset": "dataset.h5",
  "dataset_uuid": "b84e4a35-681a-4fcb-b5ef-cf5e0e026900",
  "checkpoint": "checkpoints\\neural_rx\\best_model.pt",
  "checkpoint_epoch": 46,
  "val_loss_best": 0.5879889772689176,
  "commit_hash": "unknown",
  "symbol_weight": 0.2,
  "device": "cuda",
  "meta": {
    "spatial_modes": [
      [
        0,
        -1
      ],
      [
        0,
        1
      ],
      [
        0,
        -3
      ],
      [
        0,
        3
      ],
      [
        0,
        -4
      ],
      [
        0,
        4
      ],
      [
        1,
        -1
      ],
      [
        1,
        1
      ]
    ],
    "wavelength": 1.55e-06,
    "w0": 0.025,
    "distance": 800.0,
    "grid_extent": 0.9936592792996608,
    "grid_size": 128,
    "pilot_ratio": 0.2,
    "frame_length": 679,
    "fec_rate": 0.5
  },
  "config": {
    "spatial_modes": [
      [
        0,
        -1
      ],
      [
        0,
        1
      ],
      [
        0,
        -3
      ],
      [
        0,
        3
      ],
      [
        0,
        -4
      ],
      [
        0,
        4
      ],
      [
        1,
        -1
      ],
      [
        1,
        1
      ]
    ],
    "wavelength": 1.55e-06,
    "w0": 0.025,
    "distance": 800.0,
    "grid_extent": 0.9936592792996608,
    "grid_size": 128,
    "pilot_ratio": 0.2,
    "feature_channels": 24,
    "transformer_heads": 2,
    "transformer_layers": 1,
    "transformer_dim": 96,
    "use_checkpoint": true
  },
  "splits": {
    "val": {
      "loss": 0.5776992640076332,
      "ce": 0.5268454195734348,
      "symbol_mse": 0.25426923136852786,
      "accuracy": 0.6215599225719576,
      "ber": 0.24974751725298772,
      "per_mode_accuracy": [
        0.6149638108062616,
        0.6245581551927285,
        0.6165628682040061,
        0.6250631206867531,
        0.6168995118666891,
        0.6275037872412051,
        0.6250631206867531,
        0.6218650058912641
      ],
      "per_mode_symbol_mse": [
        0.25483328104019165,
        0.2568874955177307,
        0.25624412298202515,
        0.2569340169429779,
        0.2523147165775299,
        0.25477710366249084,
        0.2511081099510193,
        0.251054972410202
      ],
      "per_mode_bit_ber": [
        0.25416596532570274,
        0.24541323009594346,
        0.25643831004881334,
        0.24966335633731696,
        0.25324019525332436,
        0.2448241036862481,
        0.24650732199966335,
        0.24772765527688942
      ]
    },
    "test": {
      "loss": 0.5764908530037525,
      "ce": 0.5257626398958917,
      "symbol_mse": 0.253641068852624,
      "accuracy": 0.6221280087527352,
      "ber": 0.2492793721595691,
      "per_mode_accuracy": [
        0.6129439488301632,
        0.629355327385962,
        0.6075576502272345,
        0.6330584076754755,
        0.6111765696010772,
        0.6326376030971217,
        0.629355327385962,
        0.6209392358188857
      ],
      "per_mode_symbol_mse": [
        0.25448179244995117,
        0.25532978773117065,
        0.25652775168418884,
        0.2556808590888977,
        0.2534889876842499,
        0.2542704939842224,
        0.2497715950012207,
        0.24957722425460815
      ],
      "per_mode_bit_ber": [
        0.2526931493014644,
        0.24545531055377884,
        0.26174044773607136,
        0.24335128766200975,
        0.2577848846995455,
        0.2412472647702407,
        0.24288840262582057,
        0.2490742299276216
      ]
    }
  }
}
